timestamp,flow_value,voltage
2024-08-12 17:34:58,0.3848,53.076
2024-08-12 17:34:59,0.3908,53.076
2024-08-12 17:34:59,0.3966,53.076
2024-08-12 17:35:00,0.4092,53.076
2024-08-12 17:35:00,0.3955,53.076
2024-08-12 17:35:01,0.394,53.076
2024-08-12 17:35:01,0.4064,53.076
2024-08-12 17:35:02,0.399,53.076
2024-08-12 17:35:02,0.3925,53.076
2024-08-12 17:35:03,0.4103,53.0245
2024-08-12 17:35:03,0.3996,53.0245
2024-08-12 17:35:04,0.4142,52.953500000000005
2024-08-12 17:35:04,0.4109,52.89900000000001
2024-08-12 17:35:05,0.3901,52.89900000000001
2024-08-12 17:35:05,0.4049,52.89900000000001
2024-08-12 17:35:06,0.393,52.89900000000001
2024-08-12 17:35:06,0.3861,52.968500000000006
2024-08-12 17:35:07,0.3937,52.968500000000006
2024-08-12 17:35:08,0.398,52.968500000000006
2024-08-12 17:35:08,0.4072,52.968500000000006
2024-08-12 17:35:09,0.3999,52.968500000000006
2024-08-12 17:35:09,0.3941,52.968500000000006
2024-08-12 17:35:10,0.4133,52.90200000000001
2024-08-12 17:35:10,0.4055,52.90200000000001
2024-08-12 17:35:11,0.4025,52.90200000000001
2024-08-12 17:35:11,0.3882,52.961000000000006
2024-08-12 17:35:12,0.4074,52.961000000000006
2024-08-12 17:35:12,0.3954,52.961000000000006
2024-08-12 17:35:13,0.4129,52.8965
2024-08-12 17:35:13,0.397,52.8965
2024-08-12 17:35:14,0.4026,52.8965
2024-08-12 17:35:14,0.3884,52.9545
2024-08-12 17:35:15,0.4057,52.9545
2024-08-12 17:35:15,0.3962,52.9545
2024-08-12 17:35:16,0.3996,52.9545
2024-08-12 17:35:16,0.4123,52.893
2024-08-12 17:35:17,0.4011,52.893
2024-08-12 17:35:17,0.4024,52.893
2024-08-12 17:35:18,0.3888,52.949
2024-08-12 17:35:18,0.3959,52.949
2024-08-12 17:35:19,0.3953,52.949
2024-08-12 17:35:19,0.4076,52.949
2024-08-12 17:35:20,0.4105,52.896499999999996
2024-08-12 17:35:20,0.4113,52.839999999999996
2024-08-12 17:35:21,0.3912,52.839999999999996
2024-08-12 17:35:21,0.398,52.839999999999996
2024-08-12 17:35:22,0.3895,52.8925
2024-08-12 17:35:22,0.3987,52.8925
2024-08-12 17:35:23,0.3861,52.961999999999996
2024-08-12 17:35:23,0.3935,52.961999999999996
2024-08-12 17:35:24,0.3887,53.018499999999996
2024-08-12 17:35:25,0.3982,53.018499999999996
2024-08-12 17:35:25,0.4036,53.018499999999996
2024-08-12 17:35:26,0.4133,52.952
2024-08-12 17:35:26,0.4122,52.891
2024-08-12 17:35:27,0.3906,52.891
2024-08-12 17:35:27,0.4016,52.891
2024-08-12 17:35:28,0.3869,52.9565
2024-08-12 17:35:28,0.3919,52.9565
2024-08-12 17:35:29,0.393,52.9565
2024-08-12 17:35:29,0.4133,52.89
2024-08-12 17:35:30,0.3989,52.89
2024-08-12 17:35:30,0.4027,52.89
2024-08-12 17:35:31,0.3887,52.9465
2024-08-12 17:35:31,0.3961,52.9465
2024-08-12 17:35:32,0.3956,52.9465
2024-08-12 17:35:32,0.4124,52.8845
2024-08-12 17:35:33,0.3908,52.8845
2024-08-12 17:35:33,0.4037,52.8845
2024-08-12 17:35:34,0.3903,52.8845
2024-08-12 17:35:34,0.3797,52.986000000000004
2024-08-12 17:35:35,0.3944,52.986000000000004
2024-08-12 17:35:35,0.4001,52.986000000000004
2024-08-12 17:35:36,0.4142,52.915000000000006
2024-08-12 17:35:36,0.412,52.855000000000004
2024-08-12 17:35:37,0.3942,52.855000000000004
2024-08-12 17:35:37,0.4064,52.855000000000004
2024-08-12 17:35:38,0.3943,52.855000000000004
2024-08-12 17:35:38,0.3861,52.9245
2024-08-12 17:35:39,0.3898,52.975500000000004
2024-08-12 17:35:39,0.407,52.975500000000004
2024-08-12 17:35:40,0.3944,52.975500000000004
2024-08-12 17:35:40,0.4033,52.975500000000004
2024-08-12 17:35:41,0.406,52.975500000000004
2024-08-12 17:35:41,0.3988,52.975500000000004
2024-08-12 17:35:42,0.3948,52.975500000000004
2024-08-12 17:35:43,0.4123,52.914
2024-08-12 17:35:43,0.4014,52.914
2024-08-12 17:35:44,0.4054,52.914
2024-08-12 17:35:44,0.3956,52.914
2024-08-12 17:35:45,0.3869,52.9795
2024-08-12 17:35:45,0.388,53.039500000000004
2024-08-12 17:35:46,0.4062,53.039500000000004
2024-08-12 17:35:46,0.3941,53.039500000000004
2024-08-12 17:35:47,0.4046,53.039500000000004
2024-08-12 17:35:47,0.4094,53.039500000000004
2024-08-12 17:35:48,0.3937,53.039500000000004
2024-08-12 17:35:48,0.3922,53.039500000000004
2024-08-12 17:35:49,0.413,52.974500000000006
2024-08-12 17:35:49,0.4035,52.974500000000006
2024-08-12 17:35:50,0.4152,52.898500000000006
2024-08-12 17:35:50,0.4099,52.898500000000006
2024-08-12 17:35:51,0.4075,52.898500000000006
2024-08-12 17:35:51,0.3917,52.898500000000006
2024-08-12 17:35:52,0.3883,52.95700000000001
2024-08-12 17:35:52,0.387,53.022000000000006
2024-08-12 17:35:53,0.3953,53.022000000000006
2024-08-12 17:35:53,0.3925,53.022000000000006
2024-08-12 17:35:54,0.4102,52.971000000000004
2024-08-12 17:35:54,0.4003,52.971000000000004
2024-08-12 17:35:55,0.4096,52.971000000000004
2024-08-12 17:35:55,0.3948,52.971000000000004
2024-08-12 17:35:56,0.4043,52.971000000000004
2024-08-12 17:35:56,0.4126,52.908
2024-08-12 17:35:57,0.4146,52.835
2024-08-12 17:35:57,0.3949,52.835
2024-08-12 17:35:58,0.4046,52.835
2024-08-12 17:35:58,0.3885,52.8925
2024-08-12 17:35:59,0.3966,52.8925
2024-08-12 17:36:00,0.3854,52.9655
2024-08-12 17:36:00,0.3869,53.031
2024-08-12 17:36:01,0.4018,53.031
2024-08-12 17:36:01,0.388,53.091
2024-08-12 17:36:02,0.3999,53.091
2024-08-12 17:36:02,0.3952,53.091
2024-08-12 17:36:03,0.4122,53.03
2024-08-12 17:36:03,0.4007,53.03
2024-08-12 17:36:04,0.4142,52.959
2024-08-12 17:36:04,0.4109,52.904500000000006
2024-08-12 17:36:05,0.394,52.904500000000006
2024-08-12 17:36:05,0.4045,52.904500000000006
2024-08-12 17:36:06,0.3962,52.904500000000006
2024-08-12 17:36:06,0.3844,52.98250000000001
2024-08-12 17:36:07,0.3902,52.98250000000001
2024-08-12 17:36:07,0.3908,52.98250000000001
2024-08-12 17:36:08,0.4076,52.98250000000001
2024-08-12 17:36:08,0.4062,52.98250000000001
2024-08-12 17:36:09,0.3944,52.98250000000001
2024-08-12 17:36:09,0.4023,52.98250000000001
2024-08-12 17:36:10,0.414,52.91250000000001
2024-08-12 17:36:10,0.4023,52.91250000000001
2024-08-12 17:36:11,0.4,52.91250000000001
2024-08-12 17:36:11,0.3866,52.97950000000001
2024-08-12 17:36:12,0.3924,52.97950000000001
2024-08-12 17:36:12,0.3945,52.97950000000001
2024-08-12 17:36:13,0.411,52.92450000000001
2024-08-12 17:36:13,0.39,52.974500000000006
2024-08-12 17:36:14,0.3815,53.06700000000001
2024-08-12 17:36:14,0.3914,53.06700000000001
2024-08-12 17:36:15,0.4019,53.06700000000001
2024-08-12 17:36:15,0.4114,53.010000000000005
2024-08-12 17:36:16,0.4136,52.94200000000001
2024-08-12 17:36:16,0.4058,52.94200000000001
2024-08-12 17:36:17,0.4128,52.87800000000001
2024-08-12 17:36:18,0.4064,52.87800000000001
2024-08-12 17:36:18,0.3948,52.87800000000001
2024-08-12 17:36:19,0.3842,52.95700000000001
2024-08-12 17:36:19,0.3857,53.02850000000001
2024-08-12 17:36:20,0.3921,53.02850000000001
2024-08-12 17:36:20,0.3917,53.02850000000001
2024-08-12 17:36:21,0.4086,53.02850000000001
2024-08-12 17:36:21,0.3971,53.02850000000001
2024-08-12 17:36:22,0.3937,53.02850000000001
2024-08-12 17:36:22,0.413,52.96350000000001
2024-08-12 17:36:23,0.4039,52.96350000000001
2024-08-12 17:36:23,0.413,52.89850000000001
2024-08-12 17:36:24,0.4121,52.838000000000015
2024-08-12 17:36:24,0.3905,52.838000000000015
2024-08-12 17:36:25,0.4048,52.838000000000015
2024-08-12 17:36:25,0.3937,52.838000000000015
2024-08-12 17:36:26,0.386,52.908000000000015
2024-08-12 17:36:26,0.3863,52.976500000000016
2024-08-12 17:36:27,0.3944,52.976500000000016
2024-08-12 17:36:27,0.3892,53.03050000000002
2024-08-12 17:36:28,0.3981,53.03050000000002
2024-08-12 17:36:28,0.392,53.03050000000002
2024-08-12 17:36:29,0.4103,52.97900000000002
2024-08-12 17:36:29,0.3976,52.97900000000002
2024-08-12 17:36:30,0.4142,52.90800000000002
2024-08-12 17:36:30,0.3997,52.90800000000002
2024-08-12 17:36:31,0.4022,52.90800000000002
2024-08-12 17:36:31,0.3892,52.962000000000025
2024-08-12 17:36:32,0.397,52.962000000000025
2024-08-12 17:36:32,0.3842,53.041000000000025
2024-08-12 17:36:33,0.3999,53.041000000000025
2024-08-12 17:36:33,0.3924,53.041000000000025
2024-08-12 17:36:34,0.4051,53.041000000000025
2024-08-12 17:36:35,0.4038,53.041000000000025
2024-08-12 17:36:35,0.393,53.041000000000025
2024-08-12 17:36:36,0.4054,53.041000000000025
2024-08-12 17:36:36,0.4118,52.98200000000003
2024-08-12 17:36:37,0.4132,52.916000000000025
2024-08-12 17:36:37,0.3953,52.916000000000025
2024-08-12 17:36:38,0.4044,52.916000000000025
2024-08-12 17:36:38,0.3906,52.916000000000025
2024-08-12 17:36:39,0.3866,52.983000000000025
2024-08-12 17:36:39,0.3939,52.983000000000025
2024-08-12 17:36:40,0.4053,52.983000000000025
2024-08-12 17:36:40,0.4076,52.983000000000025
2024-08-12 17:36:41,0.3912,52.983000000000025
2024-08-12 17:36:41,0.394,52.983000000000025
2024-08-12 17:36:42,0.4119,52.923500000000026
2024-08-12 17:36:42,0.3946,52.923500000000026
2024-08-12 17:36:43,0.403,52.923500000000026
2024-08-12 17:36:43,0.3902,52.923500000000026
2024-08-12 17:36:44,0.3901,52.923500000000026
2024-08-12 17:36:44,0.4056,52.923500000000026
2024-08-12 17:36:45,0.3943,52.923500000000026
2024-08-12 17:36:45,0.3859,52.99400000000003
2024-08-12 17:36:46,0.3879,53.054500000000026
2024-08-12 17:36:46,0.396,53.054500000000026
2024-08-12 17:36:47,0.3916,53.054500000000026
2024-08-12 17:36:47,0.3986,53.054500000000026
2024-08-12 17:36:48,0.4082,53.054500000000026
2024-08-12 17:36:48,0.3959,53.054500000000026
2024-08-12 17:36:49,0.4029,53.054500000000026
2024-08-12 17:36:49,0.4113,52.998000000000026
2024-08-12 17:36:50,0.4136,52.93000000000003
2024-08-12 17:36:50,0.4053,52.93000000000003
2024-08-12 17:36:51,0.4051,52.93000000000003
2024-08-12 17:36:52,0.3919,52.93000000000003
2024-08-12 17:36:52,0.386,53.00000000000003
2024-08-12 17:36:53,0.3864,53.068000000000026
2024-08-12 17:36:53,0.4028,53.068000000000026
2024-08-12 17:36:54,0.3906,53.068000000000026
2024-08-12 17:36:54,0.4058,53.068000000000026
2024-08-12 17:36:55,0.402,53.068000000000026
2024-08-12 17:36:55,0.3927,53.068000000000026
2024-08-12 17:36:56,0.4093,53.068000000000026
2024-08-12 17:36:56,0.4099,53.068000000000026
2024-08-12 17:36:57,0.395,53.068000000000026
2024-08-12 17:36:57,0.4071,53.068000000000026
2024-08-12 17:36:58,0.4118,53.00900000000003
2024-08-12 17:36:58,0.4138,52.940000000000026
2024-08-12 17:36:59,0.4037,52.940000000000026
2024-08-12 17:36:59,0.4033,52.940000000000026
2024-08-12 17:37:00,0.3879,53.000500000000024
2024-08-12 17:37:00,0.3982,53.000500000000024
2024-08-12 17:37:01,0.3875,53.063000000000024
2024-08-12 17:37:01,0.3954,53.063000000000024
2024-08-12 17:37:02,0.3974,53.063000000000024
2024-08-12 17:37:02,0.4133,52.996500000000026
2024-08-12 17:37:03,0.4094,52.996500000000026
2024-08-12 17:37:03,0.4106,52.94350000000003
2024-08-12 17:37:04,0.414,52.87350000000003
2024-08-12 17:37:04,0.4102,52.822500000000026
2024-08-12 17:37:05,0.3888,52.878500000000024
2024-08-12 17:37:05,0.3843,52.95700000000002
2024-08-12 17:37:06,0.3988,52.95700000000002
2024-08-12 17:37:06,0.394,52.95700000000002
2024-08-12 17:37:07,0.4089,52.95700000000002
2024-08-12 17:37:07,0.3969,52.95700000000002
2024-08-12 17:37:08,0.3908,52.95700000000002
2024-08-12 17:37:08,0.4104,52.90500000000002
2024-08-12 17:37:09,0.3892,52.959000000000024
2024-08-12 17:37:10,0.3841,53.03850000000003
2024-08-12 17:37:10,0.3985,53.03850000000003
2024-08-12 17:37:11,0.3977,53.03850000000003
2024-08-12 17:37:11,0.414,52.96850000000003
2024-08-12 17:37:12,0.41,52.96850000000003
2024-08-12 17:37:12,0.4105,52.916000000000025
2024-08-12 17:37:13,0.4123,52.85450000000002
2024-08-12 17:37:13,0.3951,52.85450000000002
2024-08-12 17:37:14,0.3974,52.85450000000002
2024-08-12 17:37:14,0.3841,52.934000000000026
2024-08-12 17:37:15,0.3967,52.934000000000026
2024-08-12 17:37:15,0.3862,53.00300000000003
2024-08-12 17:37:16,0.4035,53.00300000000003
2024-08-12 17:37:16,0.3938,53.00300000000003
2024-08-12 17:37:17,0.4092,53.00300000000003
2024-08-12 17:37:17,0.4102,52.95200000000003
2024-08-12 17:37:18,0.413,52.88700000000003
2024-08-12 17:37:18,0.4021,52.88700000000003
2024-08-12 17:37:19,0.4041,52.88700000000003
2024-08-12 17:37:19,0.3906,52.88700000000003
2024-08-12 17:37:20,0.3827,52.97350000000003
2024-08-12 17:37:20,0.3835,53.05600000000003
2024-08-12 17:37:21,0.3997,53.05600000000003
2024-08-12 17:37:21,0.3918,53.05600000000003
2024-08-12 17:37:22,0.4056,53.05600000000003
2024-08-12 17:37:22,0.4122,52.99500000000003
2024-08-12 17:37:23,0.4119,52.93550000000003
2024-08-12 17:37:23,0.4006,52.93550000000003
2024-08-12 17:37:24,0.4044,52.93550000000003
2024-08-12 17:37:24,0.3959,52.93550000000003
2024-08-12 17:37:25,0.3845,53.013000000000034
2024-08-12 17:37:25,0.3882,53.07200000000003
2024-08-12 17:37:26,0.4068,53.07200000000003
2024-08-12 17:37:26,0.3924,53.07200000000003
2024-08-12 17:37:27,0.3978,53.07200000000003
2024-08-12 17:37:28,0.4072,53.07200000000003
2024-08-12 17:37:28,0.3978,53.07200000000003
2024-08-12 17:37:29,0.3924,53.07200000000003
2024-08-12 17:37:29,0.4112,53.016000000000034
2024-08-12 17:37:30,0.3997,53.016000000000034
2024-08-12 17:37:30,0.4138,52.94700000000003
2024-08-12 17:37:31,0.4064,52.94700000000003
2024-08-12 17:37:31,0.4101,52.89650000000003
2024-08-12 17:37:32,0.4039,52.89650000000003
2024-08-12 17:37:32,0.3928,52.89650000000003
2024-08-12 17:37:33,0.3834,52.97950000000003
2024-08-12 17:37:33,0.3836,53.06150000000003
2024-08-12 17:37:34,0.3973,53.06150000000003
2024-08-12 17:37:34,0.3891,53.11600000000003
2024-08-12 17:37:35,0.3939,53.11600000000003
2024-08-12 17:37:35,0.4035,53.11600000000003
2024-08-12 17:37:36,0.4119,53.05650000000003
2024-08-12 17:37:36,0.4126,52.993500000000026
2024-08-12 17:37:37,0.4025,52.993500000000026
2024-08-12 17:37:37,0.4131,52.928000000000026
2024-08-12 17:37:38,0.4036,52.928000000000026
2024-08-12 17:37:38,0.3958,52.928000000000026
2024-08-12 17:37:39,0.3846,53.005000000000024
2024-08-12 17:37:39,0.3861,53.07450000000002
2024-08-12 17:37:40,0.4014,53.07450000000002
2024-08-12 17:37:40,0.3881,53.13400000000002
2024-08-12 17:37:41,0.3963,53.13400000000002
2024-08-12 17:37:41,0.3922,53.13400000000002
2024-08-12 17:37:42,0.4116,53.07600000000002
2024-08-12 17:37:42,0.4029,53.07600000000002
2024-08-12 17:37:43,0.4136,53.008000000000024
2024-08-12 17:37:43,0.4099,53.008000000000024
2024-08-12 17:37:44,0.4107,52.954500000000024
2024-08-12 17:37:44,0.4131,52.889000000000024
2024-08-12 17:37:45,0.4002,52.889000000000024
2024-08-12 17:37:46,0.4022,52.889000000000024
2024-08-12 17:37:46,0.3904,52.889000000000024
2024-08-12 17:37:47,0.3816,52.98100000000002
2024-08-12 17:37:47,0.3826,53.068000000000026
2024-08-12 17:37:48,0.4032,53.068000000000026
2024-08-12 17:37:48,0.3921,53.068000000000026
2024-08-12 17:37:49,0.4005,53.068000000000026
2024-08-12 17:37:49,0.4121,53.00750000000003
2024-08-12 17:37:50,0.4087,53.00750000000003
2024-08-12 17:37:50,0.4093,53.00750000000003
2024-08-12 17:37:51,0.3947,53.00750000000003
2024-08-12 17:37:51,0.4041,53.00750000000003
2024-08-12 17:37:52,0.4104,52.95550000000003
2024-08-12 17:37:52,0.4109,52.90100000000003
2024-08-12 17:37:53,0.3948,52.90100000000003
2024-08-12 17:37:53,0.3993,52.90100000000003
2024-08-12 17:37:54,0.3813,52.99450000000003
2024-08-12 17:37:54,0.3896,53.04650000000003
2024-08-12 17:37:55,0.3994,53.04650000000003
2024-08-12 17:37:55,0.3976,53.04650000000003
2024-08-12 17:37:56,0.3966,53.04650000000003
2024-08-12 17:37:56,0.4131,52.98100000000003
2024-08-12 17:37:57,0.4069,52.98100000000003
2024-08-12 17:37:57,0.4109,52.92650000000003
2024-08-12 17:37:58,0.4128,52.86250000000003
2024-08-12 17:37:58,0.3949,52.86250000000003
2024-08-12 17:37:59,0.4018,52.86250000000003
2024-08-12 17:37:59,0.3886,52.919500000000035
2024-08-12 17:38:00,0.3968,52.919500000000035
2024-08-12 17:38:00,0.3791,53.024000000000036
2024-08-12 17:38:01,0.3899,53.074500000000036
2024-08-12 17:38:01,0.4102,53.023500000000034
2024-08-12 17:38:02,0.4104,52.971500000000034
2024-08-12 17:38:02,0.3992,52.971500000000034
2024-08-12 17:38:03,0.4128,52.907500000000034
2024-08-12 17:38:04,0.3992,52.907500000000034
2024-08-12 17:38:04,0.4016,52.907500000000034
2024-08-12 17:38:05,0.3873,52.97100000000003
2024-08-12 17:38:05,0.397,52.97100000000003
2024-08-12 17:38:06,0.3922,52.97100000000003
2024-08-12 17:38:06,0.4016,52.97100000000003
2024-08-12 17:38:07,0.4086,52.97100000000003
2024-08-12 17:38:07,0.3913,52.97100000000003
2024-08-12 17:38:08,0.4027,52.97100000000003
2024-08-12 17:38:08,0.3917,52.97100000000003
2024-08-12 17:38:09,0.4013,52.97100000000003
2024-08-12 17:38:09,0.4115,52.913500000000035
2024-08-12 17:38:10,0.4115,52.85600000000004
2024-08-12 17:38:10,0.3913,52.85600000000004
2024-08-12 17:38:11,0.4032,52.85600000000004
2024-08-12 17:38:11,0.3904,52.85600000000004
2024-08-12 17:38:12,0.384,52.936000000000035
2024-08-12 17:38:12,0.3861,53.00550000000003
2024-08-12 17:38:13,0.393,53.00550000000003
2024-08-12 17:38:13,0.3904,53.00550000000003
2024-08-12 17:38:14,0.3999,53.00550000000003
2024-08-12 17:38:14,0.405,53.00550000000003
2024-08-12 17:38:15,0.3929,53.00550000000003
2024-08-12 17:38:15,0.4016,53.00550000000003
2024-08-12 17:38:16,0.4112,52.949500000000036
2024-08-12 17:38:16,0.4117,52.891000000000034
2024-08-12 17:38:17,0.4013,52.891000000000034
2024-08-12 17:38:17,0.4033,52.891000000000034
2024-08-12 17:38:18,0.3898,52.942000000000036
2024-08-12 17:38:18,0.4063,52.942000000000036
2024-08-12 17:38:19,0.3921,52.942000000000036
2024-08-12 17:38:19,0.4002,52.942000000000036
2024-08-12 17:38:20,0.4078,52.942000000000036
2024-08-12 17:38:21,0.388,53.00200000000004
2024-08-12 17:38:21,0.3999,53.00200000000004
2024-08-12 17:38:22,0.3909,53.00200000000004
2024-08-12 17:38:22,0.4073,53.00200000000004
2024-08-12 17:38:23,0.4089,53.00200000000004
2024-08-12 17:38:23,0.395,53.00200000000004
2024-08-12 17:38:24,0.404,53.00200000000004
2024-08-12 17:38:24,0.4109,52.94750000000004
2024-08-12 17:38:25,0.4119,52.88800000000004
2024-08-12 17:38:25,0.3925,52.88800000000004
2024-08-12 17:38:26,0.4009,52.88800000000004
2024-08-12 17:38:26,0.3862,52.95700000000004
2024-08-12 17:38:27,0.3938,52.95700000000004
2024-08-12 17:38:27,0.3868,53.023000000000046
2024-08-12 17:38:28,0.3965,53.023000000000046
2024-08-12 17:38:28,0.393,53.023000000000046
2024-08-12 17:38:29,0.4113,52.966500000000046
2024-08-12 17:38:29,0.4008,52.966500000000046
2024-08-12 17:38:30,0.4119,52.907000000000046
2024-08-12 17:38:30,0.4014,52.907000000000046
2024-08-12 17:38:31,0.3966,52.907000000000046
2024-08-12 17:38:31,0.3848,52.98300000000005
2024-08-12 17:38:32,0.3898,53.03400000000005
2024-08-12 17:38:32,0.406,53.03400000000005
2024-08-12 17:38:33,0.3913,53.03400000000005
2024-08-12 17:38:33,0.4003,53.03400000000005
2024-08-12 17:38:34,0.4042,53.03400000000005
2024-08-12 17:38:34,0.3931,53.03400000000005
2024-08-12 17:38:35,0.3973,53.03400000000005
2024-08-12 17:38:35,0.4119,52.97450000000005
2024-08-12 17:38:36,0.4055,52.97450000000005
2024-08-12 17:38:36,0.4104,52.92250000000005
2024-08-12 17:38:37,0.4126,52.85950000000005
2024-08-12 17:38:37,0.4028,52.85950000000005
2024-08-12 17:38:38,0.4011,52.85950000000005
2024-08-12 17:38:39,0.388,52.91950000000005
2024-08-12 17:38:39,0.3973,52.91950000000005
2024-08-12 17:38:40,0.3829,53.00500000000005
2024-08-12 17:38:40,0.3973,53.00500000000005
2024-08-12 17:38:41,0.3855,53.07750000000005
2024-08-12 17:38:41,0.3938,53.07750000000005
2024-08-12 17:38:42,0.3925,53.07750000000005
2024-08-12 17:38:42,0.4117,53.01900000000005
2024-08-12 17:38:43,0.4035,53.01900000000005
2024-08-12 17:38:43,0.4112,52.96300000000005
2024-08-12 17:38:44,0.4128,52.89900000000005
2024-08-12 17:38:44,0.396,52.89900000000005
2024-08-12 17:38:45,0.4007,52.89900000000005
2024-08-12 17:38:45,0.3884,52.95700000000005
2024-08-12 17:38:46,0.3955,52.95700000000005
2024-08-12 17:38:46,0.3921,52.95700000000005
2024-08-12 17:38:47,0.3981,52.95700000000005
2024-08-12 17:38:47,0.4049,52.95700000000005
2024-08-12 17:38:48,0.3964,52.95700000000005
2024-08-12 17:38:48,0.3922,52.95700000000005
2024-08-12 17:38:49,0.4104,52.90500000000005
2024-08-12 17:38:49,0.3949,52.90500000000005
2024-08-12 17:38:50,0.4038,52.90500000000005
2024-08-12 17:38:50,0.3918,52.90500000000005
2024-08-12 17:38:51,0.3842,52.98400000000005
2024-08-12 17:38:51,0.3869,53.04950000000005
2024-08-12 17:38:52,0.4064,53.04950000000005
2024-08-12 17:38:52,0.3921,53.04950000000005
2024-08-12 17:38:53,0.3987,53.04950000000005
2024-08-12 17:38:53,0.4065,53.04950000000005
2024-08-12 17:38:54,0.3933,53.04950000000005
2024-08-12 17:38:54,0.3905,53.04950000000005
2024-08-12 17:38:55,0.4082,53.04950000000005
2024-08-12 17:38:56,0.4063,53.04950000000005
2024-08-12 17:38:56,0.3947,53.04950000000005
2024-08-12 17:38:57,0.4008,53.04950000000005
2024-08-12 17:38:57,0.4121,52.989000000000054
2024-08-12 17:38:58,0.4072,52.989000000000054
2024-08-12 17:38:58,0.4093,52.989000000000054
2024-08-12 17:38:59,0.3962,52.989000000000054
2024-08-12 17:38:59,0.3952,52.989000000000054
2024-08-12 17:39:00,0.4091,52.989000000000054
2024-08-12 17:39:00,0.3983,52.989000000000054
2024-08-12 17:39:01,0.3869,53.054500000000054
2024-08-12 17:39:01,0.3966,53.054500000000054
2024-08-12 17:39:02,0.3918,53.054500000000054
2024-08-12 17:39:02,0.4106,53.00150000000006
2024-08-12 17:39:03,0.3964,53.00150000000006
2024-08-12 17:39:03,0.4123,52.940000000000055
2024-08-12 17:39:04,0.4067,52.940000000000055
2024-08-12 17:39:04,0.4111,52.88450000000005
2024-08-12 17:39:05,0.402,52.88450000000005
2024-08-12 17:39:05,0.3953,52.88450000000005
2024-08-12 17:39:06,0.3832,52.968500000000056
2024-08-12 17:39:06,0.3886,53.02550000000006
2024-08-12 17:39:07,0.4062,53.02550000000006
2024-08-12 17:39:07,0.3906,53.02550000000006
2024-08-12 17:39:08,0.3952,53.02550000000006
2024-08-12 17:39:08,0.4108,52.971500000000056
2024-08-12 17:39:09,0.4041,52.971500000000056
2024-08-12 17:39:09,0.4112,52.91550000000006
2024-08-12 17:39:10,0.4004,52.91550000000006
2024-08-12 17:39:10,0.3967,52.91550000000006
2024-08-12 17:39:11,0.3851,52.99000000000006
2024-08-12 17:39:11,0.3919,52.99000000000006
2024-08-12 17:39:12,0.3917,52.99000000000006
2024-08-12 17:39:13,0.4039,52.99000000000006
2024-08-12 17:39:13,0.4064,52.99000000000006
2024-08-12 17:39:14,0.3893,53.04350000000006
2024-08-12 17:39:14,0.4001,53.04350000000006
2024-08-12 17:39:15,0.3898,53.09450000000006
2024-08-12 17:39:15,0.4001,53.09450000000006
2024-08-12 17:39:16,0.3919,53.09450000000006
2024-08-12 17:39:16,0.408,53.09450000000006
2024-08-12 17:39:17,0.4086,53.09450000000006
2024-08-12 17:39:17,0.3939,53.09450000000006
2024-08-12 17:39:18,0.3985,53.09450000000006
2024-08-12 17:39:18,0.4116,53.03650000000006
2024-08-12 17:39:19,0.4078,53.03650000000006
2024-08-12 17:39:19,0.4072,53.03650000000006
2024-08-12 17:39:20,0.392,53.03650000000006
2024-08-12 17:39:20,0.3933,53.03650000000006
2024-08-12 17:39:21,0.4066,53.03650000000006
2024-08-12 17:39:21,0.3981,53.03650000000006
2024-08-12 17:39:22,0.3912,53.03650000000006
2024-08-12 17:39:22,0.409,53.03650000000006
2024-08-12 17:39:23,0.4086,53.03650000000006
2024-08-12 17:39:23,0.3948,53.03650000000006
2024-08-12 17:39:24,0.4003,53.03650000000006
2024-08-12 17:39:24,0.412,52.97650000000006
2024-08-12 17:39:25,0.4059,52.97650000000006
2024-08-12 17:39:25,0.4082,52.97650000000006
2024-08-12 17:39:26,0.3938,52.97650000000006
2024-08-12 17:39:26,0.3915,52.97650000000006
2024-08-12 17:39:27,0.4043,52.97650000000006
2024-08-12 17:39:27,0.3996,52.97650000000006
2024-08-12 17:39:28,0.3897,53.028000000000056
2024-08-12 17:39:28,0.3987,53.028000000000056
2024-08-12 17:39:29,0.3934,53.028000000000056
2024-08-12 17:39:30,0.4115,52.97050000000006
2024-08-12 17:39:30,0.3992,52.97050000000006
2024-08-12 17:39:31,0.4114,52.913500000000056
2024-08-12 17:39:31,0.4012,52.913500000000056
2024-08-12 17:39:32,0.3969,52.913500000000056
2024-08-12 17:39:32,0.3812,53.00750000000006
2024-08-12 17:39:33,0.3885,53.065000000000055
2024-08-12 17:39:33,0.3965,53.065000000000055
2024-08-12 17:39:34,0.3882,53.12400000000005
2024-08-12 17:39:34,0.4017,53.12400000000005
2024-08-12 17:39:35,0.3905,53.12400000000005
2024-08-12 17:39:35,0.4032,53.12400000000005
2024-08-12 17:39:36,0.4105,53.07150000000005
2024-08-12 17:39:36,0.4104,53.01950000000005
2024-08-12 17:39:37,0.4022,53.01950000000005
2024-08-12 17:39:37,0.4113,52.96300000000005
2024-08-12 17:39:38,0.4097,52.96300000000005
2024-08-12 17:39:38,0.4041,52.96300000000005
2024-08-12 17:39:39,0.41,52.96300000000005
2024-08-12 17:39:39,0.398,52.96300000000005
2024-08-12 17:39:40,0.3892,53.01700000000005
2024-08-12 17:39:40,0.3868,53.083000000000055
2024-08-12 17:39:41,0.3976,53.083000000000055
2024-08-12 17:39:41,0.39,53.13300000000005
2024-08-12 17:39:42,0.396,53.13300000000005
2024-08-12 17:39:42,0.3952,53.13300000000005
2024-08-12 17:39:43,0.4115,53.075500000000055
2024-08-12 17:39:43,0.4023,53.075500000000055
2024-08-12 17:39:44,0.4099,53.075500000000055
2024-08-12 17:39:44,0.396,53.075500000000055
2024-08-12 17:39:45,0.3931,53.075500000000055
2024-08-12 17:39:45,0.41,53.075500000000055
2024-08-12 17:39:46,0.3985,53.075500000000055
2024-08-12 17:39:47,0.3885,53.13300000000005
2024-08-12 17:39:47,0.3902,53.13300000000005
2024-08-12 17:39:48,0.3912,53.13300000000005
2024-08-12 17:39:48,0.4098,53.13300000000005
2024-08-12 17:39:49,0.3996,53.13300000000005
2024-08-12 17:39:49,0.3923,53.13300000000005
2024-08-12 17:39:50,0.4098,53.13300000000005
2024-08-12 17:39:50,0.4044,53.13300000000005
2024-08-12 17:39:51,0.3919,53.13300000000005
2024-08-12 17:39:51,0.4063,53.13300000000005
2024-08-12 17:39:52,0.407,53.13300000000005
2024-08-12 17:39:52,0.3921,53.13300000000005
2024-08-12 17:39:53,0.399,53.13300000000005
2024-08-12 17:39:53,0.4054,53.13300000000005
2024-08-12 17:39:54,0.3927,53.13300000000005
2024-08-12 17:39:54,0.3897,53.18450000000005
2024-08-12 17:39:55,0.3929,53.18450000000005
2024-08-12 17:39:55,0.3976,53.18450000000005
2024-08-12 17:39:56,0.411,53.12950000000005
2024-08-12 17:39:56,0.4052,53.12950000000005
2024-08-12 17:39:57,0.409,53.12950000000005
2024-08-12 17:39:57,0.3939,53.12950000000005
2024-08-12 17:39:58,0.3993,53.12950000000005
2024-08-12 17:39:58,0.4099,53.12950000000005
2024-08-12 17:39:59,0.396,53.12950000000005
2024-08-12 17:39:59,0.3913,53.12950000000005
2024-08-12 17:40:00,0.4066,53.12950000000005
2024-08-12 17:40:00,0.3933,53.12950000000005
2024-08-12 17:40:01,0.3896,53.18150000000005
2024-08-12 17:40:01,0.3917,53.18150000000005
2024-08-12 17:40:02,0.4037,53.18150000000005
2024-08-12 17:40:02,0.4087,53.18150000000005
2024-08-12 17:40:03,0.3933,53.18150000000005
2024-08-12 17:40:04,0.4014,53.18150000000005
2024-08-12 17:40:04,0.4097,53.18150000000005
2024-08-12 17:40:05,0.3955,53.18150000000005
2024-08-12 17:40:05,0.3945,53.18150000000005
2024-08-12 17:40:06,0.4097,53.18150000000005
2024-08-12 17:40:06,0.397,53.18150000000005
2024-08-12 17:40:07,0.3868,53.24750000000005
2024-08-12 17:40:07,0.3886,53.304500000000054
2024-08-12 17:40:08,0.3973,53.304500000000054
2024-08-12 17:40:08,0.3905,53.304500000000054
2024-08-12 17:40:09,0.4092,53.304500000000054
2024-08-12 17:40:09,0.4016,53.304500000000054
2024-08-12 17:40:10,0.3917,53.304500000000054
2024-08-12 17:40:10,0.4087,53.304500000000054
2024-08-12 17:40:11,0.404,53.304500000000054
2024-08-12 17:40:11,0.3909,53.304500000000054
2024-08-12 17:40:12,0.4093,53.304500000000054
2024-08-12 17:40:12,0.4001,53.304500000000054
2024-08-12 17:40:13,0.3895,53.357000000000056
2024-08-12 17:40:13,0.3863,53.425500000000056
2024-08-12 17:40:14,0.3913,53.425500000000056
2024-08-12 17:40:14,0.3951,53.425500000000056
2024-08-12 17:40:15,0.4085,53.425500000000056
2024-08-12 17:40:15,0.394,53.425500000000056
2024-08-12 17:40:16,0.4023,53.425500000000056
2024-08-12 17:40:16,0.4059,53.425500000000056
2024-08-12 17:40:17,0.3911,53.425500000000056
2024-08-12 17:40:17,0.4103,53.37400000000006
2024-08-12 17:40:18,0.4045,53.37400000000006
2024-08-12 17:40:18,0.4034,53.37400000000006
2024-08-12 17:40:19,0.3894,53.427000000000056
2024-08-12 17:40:20,0.3943,53.427000000000056
2024-08-12 17:40:20,0.3868,53.49300000000006
2024-08-12 17:40:21,0.3869,53.55850000000006
2024-08-12 17:40:21,0.394,53.55850000000006
2024-08-12 17:40:22,0.4054,53.55850000000006
2024-08-12 17:40:22,0.42,53.45850000000006
2024-08-12 17:40:23,0.4075,53.45850000000006
2024-08-12 17:40:23,0.4083,53.45850000000006
2024-08-12 17:40:24,0.395,53.45850000000006
2024-08-12 17:40:24,0.3974,53.45850000000006
2024-08-12 17:40:25,0.4108,53.404500000000056
2024-08-12 17:40:25,0.4033,53.404500000000056
2024-08-12 17:40:26,0.4077,53.404500000000056
2024-08-12 17:40:26,0.3919,53.404500000000056
2024-08-12 17:40:27,0.3843,53.483000000000054
2024-08-12 17:40:27,0.3893,53.53650000000005
2024-08-12 17:40:28,0.4069,53.53650000000005
2024-08-12 17:40:28,0.3992,53.53650000000005
2024-08-12 17:40:29,0.4166,53.453500000000055
2024-08-12 17:40:29,0.4046,53.453500000000055
2024-08-12 17:40:30,0.421,53.34850000000006
2024-08-12 17:40:30,0.4086,53.34850000000006
2024-08-12 17:40:31,0.4053,53.34850000000006
2024-08-12 17:40:31,0.3915,53.34850000000006
2024-08-12 17:40:32,0.4024,53.34850000000006
2024-08-12 17:40:32,0.4065,53.34850000000006
2024-08-12 17:40:33,0.3903,53.34850000000006
2024-08-12 17:40:33,0.39,53.398500000000055
2024-08-12 17:40:34,0.3878,53.459500000000055
2024-08-12 17:40:34,0.3942,53.459500000000055
2024-08-12 17:40:35,0.3942,53.459500000000055
2024-08-12 17:40:35,0.41,53.459500000000055
2024-08-12 17:40:36,0.4019,53.459500000000055
2024-08-12 17:40:37,0.3912,53.459500000000055
2024-08-12 17:40:37,0.4075,53.459500000000055
2024-08-12 17:40:38,0.4064,53.459500000000055
2024-08-12 17:40:38,0.3909,53.459500000000055
2024-08-12 17:40:39,0.4036,53.459500000000055
2024-08-12 17:40:39,0.4053,53.459500000000055
2024-08-12 17:40:40,0.3901,53.459500000000055
2024-08-12 17:40:40,0.39,53.50950000000005
2024-08-12 17:40:41,0.3878,53.57050000000005
2024-08-12 17:40:41,0.393,53.57050000000005
2024-08-12 17:40:42,0.4047,53.57050000000005
2024-08-12 17:40:42,0.4202,53.46950000000005
2024-08-12 17:40:43,0.4086,53.46950000000005
2024-08-12 17:40:43,0.4044,53.46950000000005
2024-08-12 17:40:44,0.3908,53.46950000000005
2024-08-12 17:40:44,0.4052,53.46950000000005
2024-08-12 17:40:45,0.4069,53.46950000000005
2024-08-12 17:40:45,0.3918,53.46950000000005
2024-08-12 17:40:46,0.3969,53.46950000000005
2024-08-12 17:40:46,0.4047,53.46950000000005
2024-08-12 17:40:47,0.3908,53.46950000000005
2024-08-12 17:40:47,0.3919,53.46950000000005
2024-08-12 17:40:48,0.4086,53.46950000000005
2024-08-12 17:40:48,0.3969,53.46950000000005
2024-08-12 17:40:49,0.3924,53.46950000000005
2024-08-12 17:40:49,0.4107,53.416000000000054
2024-08-12 17:40:50,0.4027,53.416000000000054
2024-08-12 17:40:50,0.4095,53.416000000000054
2024-08-12 17:40:51,0.3939,53.416000000000054
2024-08-12 17:40:51,0.3958,53.416000000000054
2024-08-12 17:40:52,0.4088,53.416000000000054
2024-08-12 17:40:53,0.3984,53.416000000000054
2024-08-12 17:40:53,0.3873,53.47950000000005
2024-08-12 17:40:54,0.387,53.54450000000005
2024-08-12 17:40:54,0.3971,53.54450000000005
2024-08-12 17:40:55,0.3988,53.54450000000005
2024-08-12 17:40:55,0.4184,53.45250000000005
2024-08-12 17:40:56,0.4026,53.45250000000005
2024-08-12 17:40:56,0.4089,53.45250000000005
2024-08-12 17:40:57,0.3946,53.45250000000005
2024-08-12 17:40:57,0.401,53.45250000000005
2024-08-12 17:40:58,0.4088,53.45250000000005
2024-08-12 17:40:58,0.3944,53.45250000000005
2024-08-12 17:40:59,0.3962,53.45250000000005
2024-08-12 17:40:59,0.4069,53.45250000000005
2024-08-12 17:41:00,0.3897,53.50400000000005
2024-08-12 17:41:00,0.3997,53.50400000000005
2024-08-12 17:41:01,0.389,53.55900000000005
2024-08-12 17:41:01,0.4061,53.55900000000005
2024-08-12 17:41:02,0.3996,53.55900000000005
2024-08-12 17:41:02,0.4182,53.468000000000046
2024-08-12 17:41:03,0.41,53.468000000000046
2024-08-12 17:41:03,0.4093,53.468000000000046
2024-08-12 17:41:04,0.3959,53.468000000000046
2024-08-12 17:41:04,0.3976,53.468000000000046
2024-08-12 17:41:05,0.4086,53.468000000000046
2024-08-12 17:41:05,0.3941,53.468000000000046
2024-08-12 17:41:06,0.3928,53.468000000000046
2024-08-12 17:41:06,0.4026,53.468000000000046
2024-08-12 17:41:07,0.3964,53.468000000000046
2024-08-12 17:41:07,0.3886,53.52500000000005
2024-08-12 17:41:08,0.3912,53.52500000000005
2024-08-12 17:41:08,0.3976,53.52500000000005
2024-08-12 17:41:09,0.4077,53.52500000000005
2024-08-12 17:41:10,0.3941,53.52500000000005
2024-08-12 17:41:10,0.4035,53.52500000000005
2024-08-12 17:41:11,0.3913,53.52500000000005
2024-08-12 17:41:11,0.4102,53.474000000000046
2024-08-12 17:41:12,0.4048,53.474000000000046
2024-08-12 17:41:12,0.4033,53.474000000000046
2024-08-12 17:41:13,0.3864,53.542000000000044
2024-08-12 17:41:13,0.3854,53.615000000000045
2024-08-12 17:41:14,0.3947,53.615000000000045
2024-08-12 17:41:14,0.3984,53.615000000000045
2024-08-12 17:41:15,0.4187,53.521500000000046
2024-08-12 17:41:15,0.4085,53.521500000000046
2024-08-12 17:41:16,0.4038,53.521500000000046
2024-08-12 17:41:16,0.3913,53.521500000000046
2024-08-12 17:41:17,0.409,53.521500000000046
2024-08-12 17:41:17,0.402,53.521500000000046
2024-08-12 17:41:18,0.3905,53.521500000000046
2024-08-12 17:41:18,0.4073,53.521500000000046
2024-08-12 17:41:19,0.3995,53.521500000000046
2024-08-12 17:41:19,0.3871,53.58600000000005
2024-08-12 17:41:20,0.3858,53.657000000000046
2024-08-12 17:41:20,0.4047,53.657000000000046
2024-08-12 17:41:21,0.4003,53.657000000000046
2024-08-12 17:41:21,0.4188,53.563000000000045
2024-08-12 17:41:22,0.4181,53.472500000000046
2024-08-12 17:41:22,0.4005,53.472500000000046
2024-08-12 17:41:23,0.4094,53.472500000000046
2024-08-12 17:41:23,0.3957,53.472500000000046
2024-08-12 17:41:24,0.3976,53.472500000000046
2024-08-12 17:41:24,0.4087,53.472500000000046
2024-08-12 17:41:25,0.3927,53.472500000000046
2024-08-12 17:41:26,0.392,53.472500000000046
2024-08-12 17:41:26,0.4036,53.472500000000046
2024-08-12 17:41:27,0.3882,53.531500000000044
2024-08-12 17:41:27,0.3964,53.531500000000044
2024-08-12 17:41:28,0.3914,53.531500000000044
2024-08-12 17:41:28,0.4189,53.43700000000005
2024-08-12 17:41:29,0.4105,53.384500000000045
2024-08-12 17:41:29,0.3913,53.384500000000045
2024-08-12 17:41:30,0.4088,53.384500000000045
2024-08-12 17:41:30,0.4028,53.384500000000045
2024-08-12 17:41:31,0.3902,53.384500000000045
2024-08-12 17:41:31,0.4067,53.384500000000045
2024-08-12 17:41:32,0.4003,53.384500000000045
2024-08-12 17:41:32,0.3879,53.44500000000004
2024-08-12 17:41:33,0.3869,53.51050000000004
2024-08-12 17:41:33,0.3941,53.51050000000004
2024-08-12 17:41:34,0.3887,53.56700000000004
2024-08-12 17:41:34,0.4007,53.56700000000004
2024-08-12 17:41:35,0.4067,53.56700000000004
2024-08-12 17:41:35,0.4194,53.47000000000004
2024-08-12 17:41:36,0.4145,53.39750000000004
2024-08-12 17:41:36,0.3932,53.39750000000004
2024-08-12 17:41:37,0.4099,53.39750000000004
2024-08-12 17:41:37,0.398,53.39750000000004
2024-08-12 17:41:38,0.3912,53.39750000000004
2024-08-12 17:41:38,0.4081,53.39750000000004
2024-08-12 17:41:39,0.3969,53.39750000000004
2024-08-12 17:41:39,0.3849,53.47300000000004
2024-08-12 17:41:40,0.3858,53.54400000000004
2024-08-12 17:41:40,0.4025,53.54400000000004
2024-08-12 17:41:41,0.4029,53.54400000000004
2024-08-12 17:41:41,0.4187,53.45050000000004
2024-08-12 17:41:42,0.4177,53.36200000000004
2024-08-12 17:41:43,0.4064,53.36200000000004
2024-08-12 17:41:43,0.4102,53.311000000000035
2024-08-12 17:41:44,0.4104,53.259000000000036
2024-08-12 17:41:44,0.4004,53.259000000000036
2024-08-12 17:41:45,0.4078,53.259000000000036
2024-08-12 17:41:45,0.3917,53.259000000000036
2024-08-12 17:41:46,0.3975,53.259000000000036
2024-08-12 17:41:46,0.401,53.259000000000036
2024-08-12 17:41:47,0.3887,53.315500000000036
2024-08-12 17:41:47,0.3971,53.315500000000036
2024-08-12 17:41:48,0.3924,53.315500000000036
2024-08-12 17:41:48,0.4099,53.315500000000036
2024-08-12 17:41:49,0.3995,53.315500000000036
2024-08-12 17:41:49,0.3929,53.315500000000036
2024-08-12 17:41:50,0.4102,53.264500000000034
2024-08-12 17:41:50,0.4076,53.264500000000034
2024-08-12 17:41:51,0.4016,53.264500000000034
2024-08-12 17:41:51,0.3895,53.317000000000036
2024-08-12 17:41:52,0.3915,53.317000000000036
2024-08-12 17:41:52,0.3932,53.317000000000036
2024-08-12 17:41:53,0.4013,53.317000000000036
2024-08-12 17:41:53,0.3899,53.367500000000035
2024-08-12 17:41:54,0.3966,53.367500000000035
2024-08-12 17:41:54,0.3919,53.367500000000035
2024-08-12 17:41:55,0.4102,53.31650000000003
2024-08-12 17:41:55,0.408,53.31650000000003
2024-08-12 17:41:56,0.4037,53.31650000000003
2024-08-12 17:41:56,0.3911,53.31650000000003
2024-08-12 17:41:57,0.4035,53.31650000000003
2024-08-12 17:41:57,0.4079,53.31650000000003
2024-08-12 17:41:58,0.3937,53.31650000000003
2024-08-12 17:41:58,0.3925,53.31650000000003
2024-08-12 17:41:59,0.4055,53.31650000000003
2024-08-12 17:42:00,0.391,53.31650000000003
2024-08-12 17:42:00,0.3883,53.375000000000036
2024-08-12 17:42:01,0.3909,53.375000000000036
2024-08-12 17:42:01,0.3995,53.375000000000036
2024-08-12 17:42:02,0.4084,53.375000000000036
2024-08-12 17:42:02,0.3943,53.375000000000036
2024-08-12 17:42:03,0.396,53.375000000000036
2024-08-12 17:42:03,0.4096,53.375000000000036
2024-08-12 17:42:04,0.3946,53.375000000000036
2024-08-12 17:42:04,0.3967,53.375000000000036
2024-08-12 17:42:05,0.4083,53.375000000000036
2024-08-12 17:42:05,0.394,53.375000000000036
2024-08-12 17:42:06,0.3889,53.43050000000004
2024-08-12 17:42:06,0.385,53.50550000000004
2024-08-12 17:42:07,0.3917,53.50550000000004
2024-08-12 17:42:07,0.3933,53.50550000000004
2024-08-12 17:42:08,0.4094,53.50550000000004
2024-08-12 17:42:08,0.3976,53.50550000000004
2024-08-12 17:42:09,0.3929,53.50550000000004
2024-08-12 17:42:09,0.4101,53.45500000000004
2024-08-12 17:42:10,0.4061,53.45500000000004
2024-08-12 17:42:10,0.4029,53.45500000000004
2024-08-12 17:42:11,0.3897,53.50650000000004
2024-08-12 17:42:11,0.3951,53.50650000000004
2024-08-12 17:42:12,0.3931,53.50650000000004
2024-08-12 17:42:12,0.4054,53.50650000000004
2024-08-12 17:42:13,0.3919,53.50650000000004
2024-08-12 17:42:13,0.3874,53.56950000000004
2024-08-12 17:42:14,0.3985,53.56950000000004
2024-08-12 17:42:14,0.4126,53.50650000000004
2024-08-12 17:42:15,0.3979,53.50650000000004
2024-08-12 17:42:16,0.4091,53.50650000000004
2024-08-12 17:42:16,0.3941,53.50650000000004
2024-08-12 17:42:17,0.3963,53.50650000000004
2024-08-12 17:42:17,0.4086,53.50650000000004
2024-08-12 17:42:18,0.3923,53.50650000000004
2024-08-12 17:42:18,0.3965,53.50650000000004
2024-08-12 17:42:19,0.4045,53.50650000000004
2024-08-12 17:42:19,0.3891,53.561000000000035
2024-08-12 17:42:20,0.3937,53.561000000000035
2024-08-12 17:42:20,0.397,53.561000000000035
2024-08-12 17:42:21,0.4164,53.479000000000035
2024-08-12 17:42:21,0.3963,53.479000000000035
2024-08-12 17:42:22,0.409,53.479000000000035
2024-08-12 17:42:22,0.3951,53.479000000000035
2024-08-12 17:42:23,0.3943,53.479000000000035
2024-08-12 17:42:23,0.4096,53.479000000000035
2024-08-12 17:42:24,0.3983,53.479000000000035
2024-08-12 17:42:24,0.3918,53.479000000000035
2024-08-12 17:42:25,0.4076,53.479000000000035
2024-08-12 17:42:25,0.3966,53.479000000000035
2024-08-12 17:42:26,0.3844,53.55700000000004
2024-08-12 17:42:26,0.3891,53.611500000000035
2024-08-12 17:42:27,0.4089,53.611500000000035
2024-08-12 17:42:27,0.398,53.611500000000035
2024-08-12 17:42:28,0.4135,53.54400000000003
2024-08-12 17:42:28,0.405,53.54400000000003
2024-08-12 17:42:29,0.4179,53.45450000000003
2024-08-12 17:42:29,0.4152,53.37850000000003
2024-08-12 17:42:30,0.3929,53.37850000000003
2024-08-12 17:42:30,0.4089,53.37850000000003
2024-08-12 17:42:31,0.398,53.37850000000003
2024-08-12 17:42:31,0.3883,53.43700000000003
2024-08-12 17:42:32,0.3897,53.48850000000003
2024-08-12 17:42:33,0.3955,53.48850000000003
2024-08-12 17:42:33,0.3866,53.55550000000003
2024-08-12 17:42:34,0.3929,53.55550000000003
2024-08-12 17:42:34,0.4006,53.55550000000003
2024-08-12 17:42:35,0.4188,53.46150000000003
2024-08-12 17:42:35,0.401,53.46150000000003
2024-08-12 17:42:36,0.4074,53.46150000000003
2024-08-12 17:42:36,0.3947,53.46150000000003
2024-08-12 17:42:37,0.393,53.46150000000003
2024-08-12 17:42:37,0.4089,53.46150000000003
2024-08-12 17:42:38,0.3957,53.46150000000003
2024-08-12 17:42:38,0.3887,53.51800000000003
2024-08-12 17:42:39,0.3866,53.58500000000003
2024-08-12 17:42:39,0.3924,53.58500000000003
2024-08-12 17:42:40,0.4128,53.52100000000003
2024-08-12 17:42:40,0.4166,53.43800000000003
2024-08-12 17:42:41,0.4035,53.43800000000003
2024-08-12 17:42:41,0.4055,53.43800000000003
2024-08-12 17:42:42,0.3928,53.43800000000003
2024-08-12 17:42:42,0.4008,53.43800000000003
2024-08-12 17:42:43,0.4083,53.43800000000003
2024-08-12 17:42:43,0.3943,53.43800000000003
2024-08-12 17:42:44,0.3954,53.43800000000003
2024-08-12 17:42:44,0.4069,53.43800000000003
2024-08-12 17:42:45,0.3924,53.43800000000003
2024-08-12 17:42:45,0.3963,53.43800000000003
2024-08-12 17:42:46,0.3997,53.43800000000003
2024-08-12 17:42:46,0.3886,53.49500000000003
2024-08-12 17:42:47,0.3988,53.49500000000003
2024-08-12 17:42:47,0.3888,53.55100000000003
2024-08-12 17:42:48,0.401,53.55100000000003
2024-08-12 17:42:48,0.403,53.55100000000003
2024-08-12 17:42:49,0.4186,53.45800000000003
2024-08-12 17:42:50,0.416,53.37800000000003
2024-08-12 17:42:50,0.3938,53.37800000000003
2024-08-12 17:42:51,0.4074,53.37800000000003
2024-08-12 17:42:51,0.3997,53.37800000000003
2024-08-12 17:42:52,0.3869,53.44350000000003
2024-08-12 17:42:52,0.3888,53.499500000000026
2024-08-12 17:42:53,0.3945,53.499500000000026
2024-08-12 17:42:53,0.3861,53.569000000000024
2024-08-12 17:42:54,0.3905,53.569000000000024
2024-08-12 17:42:54,0.3954,53.569000000000024
2024-08-12 17:42:55,0.4184,53.477000000000025
2024-08-12 17:42:55,0.4141,53.40650000000002
2024-08-12 17:42:56,0.3949,53.40650000000002
2024-08-12 17:42:56,0.4088,53.40650000000002
2024-08-12 17:42:57,0.3983,53.40650000000002
2024-08-12 17:42:57,0.3891,53.46100000000002
2024-08-12 17:42:58,0.3895,53.51350000000002
2024-08-12 17:42:58,0.3957,53.51350000000002
2024-08-12 17:42:59,0.3849,53.58900000000002
2024-08-12 17:42:59,0.3849,53.66450000000002
2024-08-12 17:43:00,0.4058,53.66450000000002
2024-08-12 17:43:00,0.3972,53.66450000000002
2024-08-12 17:43:01,0.4147,53.591000000000015
2024-08-12 17:43:01,0.4059,53.591000000000015
2024-08-12 17:43:02,0.4183,53.49950000000001
2024-08-12 17:43:02,0.4155,53.42200000000001
2024-08-12 17:43:03,0.3967,53.42200000000001
2024-08-12 17:43:03,0.4078,53.42200000000001
2024-08-12 17:43:04,0.3952,53.42200000000001
2024-08-12 17:43:04,0.39,53.47200000000001
2024-08-12 17:43:05,0.388,53.53200000000001
2024-08-12 17:43:05,0.3952,53.53200000000001
2024-08-12 17:43:06,0.3882,53.59100000000001
2024-08-12 17:43:06,0.3997,53.59100000000001
2024-08-12 17:43:07,0.3983,53.59100000000001
2024-08-12 17:43:08,0.4173,53.50450000000001
2024-08-12 17:43:08,0.4089,53.50450000000001
2024-08-12 17:43:09,0.4077,53.50450000000001
2024-08-12 17:43:09,0.3941,53.50450000000001
2024-08-12 17:43:10,0.393,53.50450000000001
2024-08-12 17:43:10,0.4082,53.50450000000001
2024-08-12 17:43:11,0.3922,53.50450000000001
2024-08-12 17:43:11,0.3918,53.50450000000001
2024-08-12 17:43:12,0.4049,53.50450000000001
2024-08-12 17:43:12,0.3889,53.56000000000001
2024-08-12 17:43:13,0.4053,53.56000000000001
2024-08-12 17:43:13,0.3953,53.56000000000001
2024-08-12 17:43:14,0.4147,53.48650000000001
2024-08-12 17:43:14,0.4075,53.48650000000001
2024-08-12 17:43:15,0.4079,53.48650000000001
2024-08-12 17:43:15,0.3943,53.48650000000001
2024-08-12 17:43:16,0.3925,53.48650000000001
2024-08-12 17:43:16,0.4088,53.48650000000001
2024-08-12 17:43:17,0.3976,53.48650000000001
2024-08-12 17:43:17,0.3884,53.544500000000006
2024-08-12 17:43:18,0.3978,53.544500000000006
2024-08-12 17:43:18,0.4039,53.544500000000006
2024-08-12 17:43:19,0.4077,53.544500000000006
2024-08-12 17:43:19,0.395,53.544500000000006
2024-08-12 17:43:20,0.4056,53.544500000000006
2024-08-12 17:43:20,0.4152,53.468500000000006
2024-08-12 17:43:21,0.4144,53.3965
2024-08-12 17:43:21,0.3962,53.3965
2024-08-12 17:43:22,0.408,53.3965
2024-08-12 17:43:22,0.3931,53.3965
2024-08-12 17:43:23,0.3938,53.3965
2024-08-12 17:43:23,0.4077,53.3965
2024-08-12 17:43:24,0.3928,53.3965
2024-08-12 17:43:25,0.3897,53.448
2024-08-12 17:43:25,0.3858,53.519
2024-08-12 17:43:26,0.3886,53.576
2024-08-12 17:43:26,0.399,53.576
2024-08-12 17:43:27,0.3989,53.576
2024-08-12 17:43:27,0.4082,53.576
2024-08-12 17:43:28,0.4144,53.504
2024-08-12 17:43:28,0.4173,53.4175
2024-08-12 17:43:29,0.4061,53.4175
2024-08-12 17:43:29,0.4027,53.4175
2024-08-12 17:43:30,0.3893,53.471
2024-08-12 17:43:30,0.394,53.471
2024-08-12 17:43:31,0.393,53.471
2024-08-12 17:43:31,0.4051,53.471
2024-08-12 17:43:32,0.3882,53.529999999999994
2024-08-12 17:43:32,0.3907,53.529999999999994
2024-08-12 17:43:33,0.3944,53.529999999999994
2024-08-12 17:43:33,0.4151,53.454499999999996
2024-08-12 17:43:34,0.4054,53.454499999999996
2024-08-12 17:43:34,0.4016,53.454499999999996
2024-08-12 17:43:35,0.3888,53.51049999999999
2024-08-12 17:43:35,0.3935,53.51049999999999
2024-08-12 17:43:36,0.3922,53.51049999999999
2024-08-12 17:43:36,0.4078,53.51049999999999
2024-08-12 17:43:37,0.3954,53.51049999999999
2024-08-12 17:43:37,0.3944,53.51049999999999
2024-08-12 17:43:38,0.4051,53.51049999999999
2024-08-12 17:43:38,0.3912,53.51049999999999
2024-08-12 17:43:39,0.3853,53.583999999999996
2024-08-12 17:43:39,0.3947,53.583999999999996
2024-08-12 17:43:40,0.4085,53.583999999999996
2024-08-12 17:43:40,0.4155,53.506499999999996
2024-08-12 17:43:41,0.4148,53.4325
2024-08-12 17:43:42,0.3939,53.4325
2024-08-12 17:43:42,0.4084,53.4325
2024-08-12 17:43:43,0.3961,53.4325
2024-08-12 17:43:43,0.3889,53.488
2024-08-12 17:43:44,0.3903,53.488
2024-08-12 17:43:44,0.3947,53.488
2024-08-12 17:43:45,0.4041,53.488
2024-08-12 17:43:45,0.3879,53.5485
2024-08-12 17:43:46,0.4036,53.5485
2024-08-12 17:43:46,0.3947,53.5485
2024-08-12 17:43:47,0.4133,53.482
2024-08-12 17:43:47,0.4023,53.482
2024-08-12 17:43:48,0.4081,53.482
2024-08-12 17:43:48,0.3948,53.482
2024-08-12 17:43:49,0.3928,53.482
2024-08-12 17:43:49,0.4077,53.482
2024-08-12 17:43:50,0.3938,53.482
2024-08-12 17:43:50,0.3901,53.482
2024-08-12 17:43:51,0.4057,53.482
2024-08-12 17:43:51,0.3951,53.482
2024-08-12 17:43:52,0.3845,53.5595
2024-08-12 17:43:52,0.3944,53.5595
2024-08-12 17:43:53,0.4065,53.5595
2024-08-12 17:43:53,0.4139,53.49
2024-08-12 17:43:54,0.4167,53.4065
2024-08-12 17:43:54,0.3998,53.4065
2024-08-12 17:43:55,0.4053,53.4065
2024-08-12 17:43:55,0.3941,53.4065
2024-08-12 17:43:56,0.3935,53.4065
2024-08-12 17:43:56,0.4069,53.4065
2024-08-12 17:43:57,0.3923,53.4065
2024-08-12 17:43:58,0.3878,53.4675
2024-08-12 17:43:58,0.3861,53.537
2024-08-12 17:43:59,0.4009,53.537
2024-08-12 17:43:59,0.3935,53.537
2024-08-12 17:44:00,0.4139,53.4675
2024-08-12 17:44:00,0.4092,53.4675
2024-08-12 17:44:01,0.4043,53.4675
2024-08-12 17:44:01,0.389,53.5225
2024-08-12 17:44:02,0.3972,53.5225
2024-08-12 17:44:02,0.389,53.5775
2024-08-12 17:44:03,0.3953,53.5775
2024-08-12 17:44:03,0.4082,53.5775
2024-08-12 17:44:04,0.4141,53.507
2024-08-12 17:44:04,0.4151,53.4315
2024-08-12 17:44:05,0.4069,53.4315
2024-08-12 17:44:05,0.398,53.4315
2024-08-12 17:44:06,0.3866,53.4985
2024-08-12 17:44:06,0.3976,53.4985
2024-08-12 17:44:07,0.3876,53.5605
2024-08-12 17:44:07,0.3997,53.5605
2024-08-12 17:44:08,0.4043,53.5605
2024-08-12 17:44:08,0.4166,53.4775
2024-08-12 17:44:09,0.4156,53.399499999999996
2024-08-12 17:44:09,0.3962,53.399499999999996
2024-08-12 17:44:10,0.4068,53.399499999999996
2024-08-12 17:44:10,0.3934,53.399499999999996
2024-08-12 17:44:11,0.3912,53.399499999999996
2024-08-12 17:44:11,0.404,53.399499999999996
2024-08-12 17:44:12,0.3893,53.452999999999996
2024-08-12 17:44:12,0.3995,53.452999999999996
2024-08-12 17:44:13,0.3885,53.51049999999999
2024-08-12 17:44:13,0.3998,53.51049999999999
2024-08-12 17:44:14,0.3877,53.571999999999996
2024-08-12 17:44:14,0.4046,53.571999999999996
2024-08-12 17:44:15,0.3992,53.571999999999996
2024-08-12 17:44:16,0.4146,53.498999999999995
2024-08-12 17:44:16,0.4027,53.498999999999995
2024-08-12 17:44:17,0.4094,53.498999999999995
2024-08-12 17:44:17,0.397,53.498999999999995
2024-08-12 17:44:18,0.3864,53.56699999999999
2024-08-12 17:44:18,0.3886,53.623999999999995
2024-08-12 17:44:19,0.3923,53.623999999999995
2024-08-12 17:44:19,0.3927,53.623999999999995
2024-08-12 17:44:20,0.414,53.553999999999995
2024-08-12 17:44:20,0.4082,53.553999999999995
2024-08-12 17:44:21,0.3978,53.553999999999995
2024-08-12 17:44:21,0.416,53.474
2024-08-12 17:44:22,0.4059,53.474
2024-08-12 17:44:22,0.4066,53.474
2024-08-12 17:44:23,0.391,53.474
2024-08-12 17:44:23,0.3927,53.474
2024-08-12 17:44:24,0.4049,53.474
2024-08-12 17:44:24,0.3892,53.528
2024-08-12 17:44:25,0.3959,53.528
2024-08-12 17:44:25,0.3813,53.6215
2024-08-12 17:44:26,0.3881,53.681
2024-08-12 17:44:26,0.4074,53.681
2024-08-12 17:44:27,0.3961,53.681
2024-08-12 17:44:27,0.4141,53.610499999999995
2024-08-12 17:44:28,0.4018,53.610499999999995
2024-08-12 17:44:28,0.4162,53.52949999999999
2024-08-12 17:44:29,0.4141,53.45899999999999
2024-08-12 17:44:29,0.3926,53.45899999999999
2024-08-12 17:44:30,0.4068,53.45899999999999
2024-08-12 17:44:30,0.3976,53.45899999999999
2024-08-12 17:44:31,0.3851,53.53349999999999
2024-08-12 17:44:31,0.3881,53.59299999999999
2024-08-12 17:44:32,0.4048,53.59299999999999
2024-08-12 17:44:33,0.3944,53.59299999999999
2024-08-12 17:44:33,0.4064,53.59299999999999
2024-08-12 17:44:34,0.4142,53.52199999999999
2024-08-12 17:44:34,0.4058,53.52199999999999
2024-08-12 17:44:35,0.4019,53.52199999999999
2024-08-12 17:44:35,0.3884,53.57999999999999
2024-08-12 17:44:36,0.3908,53.57999999999999
2024-08-12 17:44:36,0.4019,53.57999999999999
2024-08-12 17:44:37,0.4161,53.49949999999999
2024-08-12 17:44:37,0.4041,53.49949999999999
2024-08-12 17:44:38,0.3979,53.49949999999999
2024-08-12 17:44:38,0.3838,53.580499999999994
2024-08-12 17:44:39,0.3866,53.647499999999994
2024-08-12 17:44:39,0.4071,53.647499999999994
2024-08-12 17:44:40,0.3961,53.647499999999994
2024-08-12 17:44:40,0.4093,53.647499999999994
2024-08-12 17:44:41,0.4125,53.584999999999994
2024-08-12 17:44:41,0.417,53.49999999999999
2024-08-12 17:44:42,0.4131,53.43449999999999
2024-08-12 17:44:42,0.3918,53.43449999999999
2024-08-12 17:44:43,0.4072,53.43449999999999
2024-08-12 17:44:43,0.3945,53.43449999999999
2024-08-12 17:44:44,0.3891,53.48899999999999
2024-08-12 17:44:44,0.3854,53.56199999999999
2024-08-12 17:44:45,0.3885,53.61949999999999
2024-08-12 17:44:45,0.3964,53.61949999999999
2024-08-12 17:44:46,0.3955,53.61949999999999
2024-08-12 17:44:46,0.4106,53.56649999999999
2024-08-12 17:44:47,0.3979,53.56649999999999
2024-08-12 17:44:47,0.4153,53.48999999999999
2024-08-12 17:44:48,0.3974,53.48999999999999
2024-08-12 17:44:48,0.4073,53.48999999999999
2024-08-12 17:44:49,0.3962,53.48999999999999
2024-08-12 17:44:49,0.3882,53.548999999999985
2024-08-12 17:44:50,0.3988,53.548999999999985
2024-08-12 17:44:51,0.4032,53.548999999999985
2024-08-12 17:44:51,0.4133,53.48249999999999
2024-08-12 17:44:52,0.4076,53.48249999999999
2024-08-12 17:44:52,0.397,53.48249999999999
2024-08-12 17:44:53,0.3854,53.55549999999999
2024-08-12 17:44:53,0.4014,53.55549999999999
2024-08-12 17:44:54,0.402,53.55549999999999
2024-08-12 17:44:54,0.4155,53.47799999999999
2024-08-12 17:44:55,0.4157,53.39949999999999
2024-08-12 17:44:55,0.3974,53.39949999999999
2024-08-12 17:44:56,0.4066,53.39949999999999
2024-08-12 17:44:56,0.3922,53.39949999999999
2024-08-12 17:44:57,0.3897,53.450999999999986
2024-08-12 17:44:57,0.3858,53.521999999999984
2024-08-12 17:44:58,0.3897,53.57349999999998
2024-08-12 17:44:58,0.3924,53.57349999999998
2024-08-12 17:44:59,0.3929,53.57349999999998
2024-08-12 17:44:59,0.4131,53.50799999999998
2024-08-12 17:45:00,0.3966,53.50799999999998
2024-08-12 17:45:00,0.4057,53.50799999999998
2024-08-12 17:45:01,0.3908,53.50799999999998
2024-08-12 17:45:01,0.3984,53.50799999999998
2024-08-12 17:45:02,0.4053,53.50799999999998
2024-08-12 17:45:02,0.3901,53.50799999999998
2024-08-12 17:45:03,0.3941,53.50799999999998
2024-08-12 17:45:03,0.4046,53.50799999999998
2024-08-12 17:45:04,0.3884,53.56599999999998
2024-08-12 17:45:04,0.3937,53.56599999999998
2024-08-12 17:45:05,0.3898,53.61699999999998
2024-08-12 17:45:05,0.3969,53.61699999999998
2024-08-12 17:45:06,0.3994,53.61699999999998
2024-08-12 17:45:06,0.4156,53.53899999999998
2024-08-12 17:45:07,0.4107,53.48549999999998
2024-08-12 17:45:08,0.3995,53.48549999999998
2024-08-12 17:45:08,0.4074,53.48549999999998
2024-08-12 17:45:09,0.3975,53.48549999999998
2024-08-12 17:45:09,0.3877,53.54699999999998
2024-08-12 17:45:10,0.3905,53.54699999999998
2024-08-12 17:45:10,0.4007,53.54699999999998
2024-08-12 17:45:11,0.4132,53.48099999999998
2024-08-12 17:45:11,0.4034,53.48099999999998
2024-08-12 17:45:12,0.3904,53.48099999999998
2024-08-12 17:45:12,0.3829,53.566499999999984
2024-08-12 17:45:13,0.3882,53.62549999999998
2024-08-12 17:45:13,0.3967,53.62549999999998
2024-08-12 17:45:14,0.3965,53.62549999999998
2024-08-12 17:45:14,0.4149,53.55099999999998
2024-08-12 17:45:15,0.403,53.55099999999998
2024-08-12 17:45:15,0.4145,53.47849999999998
2024-08-12 17:45:16,0.4069,53.47849999999998
2024-08-12 17:45:16,0.4009,53.47849999999998
2024-08-12 17:45:17,0.3867,53.54499999999998
2024-08-12 17:45:17,0.3904,53.54499999999998
2024-08-12 17:45:18,0.3934,53.54499999999998
2024-08-12 17:45:18,0.4086,53.54499999999998
2024-08-12 17:45:19,0.4061,53.54499999999998
2024-08-12 17:45:19,0.3958,53.54499999999998
2024-08-12 17:45:20,0.4074,53.54499999999998
2024-08-12 17:45:20,0.4147,53.47149999999998
2024-08-12 17:45:21,0.4051,53.47149999999998
2024-08-12 17:45:21,0.4012,53.47149999999998
2024-08-12 17:45:22,0.389,53.52649999999998
2024-08-12 17:45:22,0.3956,53.52649999999998
2024-08-12 17:45:23,0.3868,53.59249999999998
2024-08-12 17:45:23,0.3917,53.59249999999998
2024-08-12 17:45:24,0.3946,53.59249999999998
2024-08-12 17:45:25,0.4106,53.53949999999998
2024-08-12 17:45:25,0.4015,53.53949999999998
2024-08-12 17:45:26,0.4118,53.480499999999985
2024-08-12 17:45:26,0.4097,53.480499999999985
2024-08-12 17:45:27,0.3938,53.480499999999985
2024-08-12 17:45:27,0.3888,53.53649999999998
2024-08-12 17:45:28,0.3974,53.53649999999998
2024-08-12 17:45:28,0.4104,53.48449999999998
2024-08-12 17:45:29,0.3916,53.48449999999998
2024-08-12 17:45:29,0.4066,53.48449999999998
2024-08-12 17:45:30,0.3926,53.48449999999998
2024-08-12 17:45:30,0.3878,53.54549999999998
2024-08-12 17:45:31,0.394,53.54549999999998
2024-08-12 17:45:31,0.4039,53.54549999999998
2024-08-12 17:45:32,0.406,53.54549999999998
2024-08-12 17:45:32,0.3949,53.54549999999998
2024-08-12 17:45:33,0.4065,53.54549999999998
2024-08-12 17:45:33,0.4138,53.47649999999998
2024-08-12 17:45:34,0.4073,53.47649999999998
2024-08-12 17:45:34,0.3948,53.47649999999998
2024-08-12 17:45:35,0.3891,53.53099999999998
2024-08-12 17:45:35,0.3871,53.59549999999998
2024-08-12 17:45:36,0.3987,53.59549999999998
2024-08-12 17:45:36,0.4041,53.59549999999998
2024-08-12 17:45:37,0.4116,53.53749999999998
2024-08-12 17:45:37,0.412,53.47749999999998
2024-08-12 17:45:38,0.3896,53.52949999999998
2024-08-12 17:45:38,0.3844,53.60749999999998
2024-08-12 17:45:39,0.3926,53.60749999999998
2024-08-12 17:45:39,0.4085,53.60749999999998
2024-08-12 17:45:40,0.4098,53.60749999999998
2024-08-12 17:45:40,0.3963,53.60749999999998
2024-08-12 17:45:41,0.4104,53.55549999999998
2024-08-12 17:45:41,0.4007,53.55549999999998
2024-08-12 17:45:42,0.4151,53.47999999999998
2024-08-12 17:45:43,0.4027,53.47999999999998
2024-08-12 17:45:43,0.4009,53.47999999999998
2024-08-12 17:45:44,0.3854,53.55299999999998
2024-08-12 17:45:44,0.3892,53.606999999999985
2024-08-12 17:45:45,0.4033,53.606999999999985
2024-08-12 17:45:45,0.3929,53.606999999999985
2024-08-12 17:45:46,0.4057,53.606999999999985
2024-08-12 17:45:46,0.4113,53.550499999999985
2024-08-12 17:45:47,0.4156,53.47249999999998
2024-08-12 17:45:47,0.4119,53.41299999999998
2024-08-12 17:45:48,0.3901,53.41299999999998
2024-08-12 17:45:48,0.4062,53.41299999999998
2024-08-12 17:45:49,0.3941,53.41299999999998
2024-08-12 17:45:49,0.3896,53.46499999999998
2024-08-12 17:45:50,0.3864,53.53299999999998
2024-08-12 17:45:50,0.392,53.53299999999998
2024-08-12 17:45:51,0.3934,53.53299999999998
2024-08-12 17:45:51,0.4085,53.53299999999998
2024-08-12 17:45:52,0.3983,53.53299999999998
2024-08-12 17:45:52,0.3967,53.53299999999998
2024-08-12 17:45:53,0.4148,53.45899999999998
2024-08-12 17:45:53,0.4138,53.38999999999998
2024-08-12 17:45:54,0.3973,53.38999999999998
2024-08-12 17:45:54,0.4061,53.38999999999998
2024-08-12 17:45:55,0.3914,53.38999999999998
2024-08-12 17:45:55,0.3907,53.38999999999998
2024-08-12 17:45:56,0.4053,53.38999999999998
2024-08-12 17:45:56,0.3924,53.38999999999998
2024-08-12 17:45:57,0.3863,53.45849999999998
2024-08-12 17:45:57,0.3843,53.53699999999998
2024-08-12 17:45:58,0.3861,53.606499999999976
2024-08-12 17:45:58,0.4044,53.606499999999976
2024-08-12 17:45:59,0.3934,53.606499999999976
2024-08-12 17:46:00,0.4125,53.543999999999976
2024-08-12 17:46:00,0.4017,53.543999999999976
2024-08-12 17:46:01,0.4156,53.46599999999997
2024-08-12 17:46:01,0.4144,53.39399999999997
2024-08-12 17:46:02,0.3938,53.39399999999997
2024-08-12 17:46:02,0.4052,53.39399999999997
2024-08-12 17:46:03,0.3901,53.39399999999997
2024-08-12 17:46:03,0.3902,53.39399999999997
2024-08-12 17:46:04,0.4025,53.39399999999997
2024-08-12 17:46:04,0.3877,53.45549999999997
2024-08-12 17:46:05,0.3939,53.45549999999997
2024-08-12 17:46:05,0.3842,53.53449999999997
2024-08-12 17:46:06,0.3989,53.53449999999997
2024-08-12 17:46:06,0.4023,53.53449999999997
2024-08-12 17:46:07,0.4148,53.460499999999975
2024-08-12 17:46:07,0.4123,53.39899999999997
2024-08-12 17:46:08,0.3984,53.39899999999997
2024-08-12 17:46:08,0.4046,53.39899999999997
2024-08-12 17:46:09,0.3904,53.39899999999997
2024-08-12 17:46:09,0.3942,53.39899999999997
2024-08-12 17:46:10,0.4033,53.39899999999997
2024-08-12 17:46:10,0.3879,53.45949999999997
2024-08-12 17:46:11,0.3913,53.45949999999997
2024-08-12 17:46:11,0.3818,53.55049999999997
2024-08-12 17:46:12,0.3842,53.62949999999997
2024-08-12 17:46:12,0.3999,53.62949999999997
2024-08-12 17:46:13,0.3974,53.62949999999997
2024-08-12 17:46:13,0.4151,53.553999999999974
2024-08-12 17:46:14,0.4074,53.553999999999974
2024-08-12 17:46:14,0.4157,53.475499999999975
2024-08-12 17:46:15,0.4129,53.41099999999997
2024-08-12 17:46:15,0.3902,53.41099999999997
2024-08-12 17:46:16,0.4047,53.41099999999997
2024-08-12 17:46:17,0.398,53.41099999999997
2024-08-12 17:46:17,0.3837,53.49249999999997
2024-08-12 17:46:18,0.3886,53.54949999999997
2024-08-12 17:46:18,0.3973,53.54949999999997
2024-08-12 17:46:19,0.3951,53.54949999999997
2024-08-12 17:46:19,0.4005,53.54949999999997
2024-08-12 17:46:20,0.414,53.47949999999997
2024-08-12 17:46:20,0.4082,53.47949999999997
2024-08-12 17:46:21,0.4065,53.47949999999997
2024-08-12 17:46:21,0.3914,53.47949999999997
2024-08-12 17:46:22,0.3868,53.545499999999976
2024-08-12 17:46:22,0.3879,53.60599999999997
2024-08-12 17:46:23,0.3946,53.60599999999997
2024-08-12 17:46:23,0.3935,53.60599999999997
2024-08-12 17:46:24,0.4104,53.553999999999974
2024-08-12 17:46:24,0.3933,53.553999999999974
2024-08-12 17:46:25,0.4088,53.553999999999974
2024-08-12 17:46:25,0.4035,53.553999999999974
2024-08-12 17:46:26,0.3937,53.553999999999974
2024-08-12 17:46:26,0.4099,53.553999999999974
2024-08-12 17:46:27,0.4121,53.493499999999976
2024-08-12 17:46:27,0.4058,53.493499999999976
2024-08-12 17:46:28,0.4002,53.493499999999976
2024-08-12 17:46:28,0.3858,53.564499999999974
2024-08-12 17:46:29,0.3902,53.564499999999974
2024-08-12 17:46:29,0.3982,53.564499999999974
2024-08-12 17:46:30,0.4115,53.50699999999998
2024-08-12 17:46:30,0.402,53.50699999999998
2024-08-12 17:46:31,0.3918,53.50699999999998
2024-08-12 17:46:31,0.3817,53.59849999999998
2024-08-12 17:46:32,0.3878,53.65949999999998
2024-08-12 17:46:32,0.4067,53.65949999999998
2024-08-12 17:46:33,0.3948,53.65949999999998
2024-08-12 17:46:33,0.4063,53.65949999999998
2024-08-12 17:46:34,0.4125,53.59699999999998
2024-08-12 17:46:35,0.4144,53.52499999999998
2024-08-12 17:46:35,0.4059,53.52499999999998
2024-08-12 17:46:36,0.411,53.46999999999998
2024-08-12 17:46:36,0.4014,53.46999999999998
2024-08-12 17:46:37,0.4006,53.46999999999998
2024-08-12 17:46:37,0.3851,53.54449999999998
2024-08-12 17:46:38,0.3912,53.54449999999998
2024-08-12 17:46:38,0.3905,53.54449999999998
2024-08-12 17:46:39,0.4043,53.54449999999998
2024-08-12 17:46:39,0.4124,53.48249999999998
2024-08-12 17:46:40,0.4129,53.41799999999998
2024-08-12 17:46:40,0.3916,53.41799999999998
2024-08-12 17:46:41,0.4052,53.41799999999998
2024-08-12 17:46:41,0.3949,53.41799999999998
2024-08-12 17:46:42,0.3858,53.488999999999976
2024-08-12 17:46:42,0.39,53.53899999999997
2024-08-12 17:46:43,0.3977,53.53899999999997
2024-08-12 17:46:43,0.3944,53.53899999999997
2024-08-12 17:46:44,0.4031,53.53899999999997
2024-08-12 17:46:44,0.4066,53.53899999999997
2024-08-12 17:46:45,0.3969,53.53899999999997
2024-08-12 17:46:45,0.3938,53.53899999999997
2024-08-12 17:46:46,0.4134,53.47199999999997
2024-08-12 17:46:46,0.3908,53.47199999999997
2024-08-12 17:46:47,0.4047,53.47199999999997
2024-08-12 17:46:47,0.3958,53.47199999999997
2024-08-12 17:46:48,0.3862,53.540999999999976
2024-08-12 17:46:48,0.3981,53.540999999999976
2024-08-12 17:46:49,0.398,53.540999999999976
2024-08-12 17:46:49,0.4121,53.48049999999998
2024-08-12 17:46:50,0.4035,53.48049999999998
2024-08-12 17:46:50,0.4108,53.426499999999976
2024-08-12 17:46:51,0.3936,53.426499999999976
2024-08-12 17:46:51,0.3956,53.426499999999976
2024-08-12 17:46:52,0.3861,53.495999999999974
2024-08-12 17:46:53,0.3922,53.495999999999974
2024-08-12 17:46:53,0.3868,53.561999999999976
2024-08-12 17:46:54,0.3875,53.624499999999976
2024-08-12 17:46:54,0.4009,53.624499999999976
2024-08-12 17:46:55,0.4004,53.624499999999976
2024-08-12 17:46:55,0.4139,53.55499999999998
2024-08-12 17:46:56,0.412,53.494999999999976
2024-08-12 17:46:56,0.3949,53.494999999999976
2024-08-12 17:46:57,0.401,53.494999999999976
2024-08-12 17:46:57,0.3848,53.57099999999998
2024-08-12 17:46:58,0.3859,53.64149999999998
2024-08-12 17:46:58,0.4038,53.64149999999998
2024-08-12 17:46:59,0.3928,53.64149999999998
2024-08-12 17:46:59,0.4098,53.64149999999998
2024-08-12 17:47:00,0.4092,53.64149999999998
2024-08-12 17:47:00,0.3944,53.64149999999998
2024-08-12 17:47:01,0.4094,53.64149999999998
2024-08-12 17:47:01,0.4081,53.64149999999998
2024-08-12 17:47:02,0.3943,53.64149999999998
2024-08-12 17:47:02,0.4072,53.64149999999998
2024-08-12 17:47:03,0.41,53.64149999999998
2024-08-12 17:47:03,0.3921,53.64149999999998
2024-08-12 17:47:04,0.4019,53.64149999999998
2024-08-12 17:47:04,0.4066,53.64149999999998
2024-08-12 17:47:05,0.3975,53.64149999999998
2024-08-12 17:47:05,0.3959,53.64149999999998
2024-08-12 17:47:06,0.4129,53.57699999999998
2024-08-12 17:47:06,0.4079,53.57699999999998
2024-08-12 17:47:07,0.4118,53.51799999999998
2024-08-12 17:47:07,0.4132,53.45199999999998
2024-08-12 17:47:08,0.3902,53.45199999999998
2024-08-12 17:47:08,0.4045,53.45199999999998
2024-08-12 17:47:09,0.3958,53.45199999999998
2024-08-12 17:47:10,0.3845,53.52949999999998
2024-08-12 17:47:10,0.3982,53.52949999999998
2024-08-12 17:47:11,0.3927,53.52949999999998
2024-08-12 17:47:11,0.4061,53.52949999999998
2024-08-12 17:47:12,0.4029,53.52949999999998
2024-08-12 17:47:12,0.393,53.52949999999998
2024-08-12 17:47:13,0.4067,53.52949999999998
2024-08-12 17:47:13,0.411,53.47449999999998
2024-08-12 17:47:14,0.4139,53.40499999999998
2024-08-12 17:47:14,0.3941,53.40499999999998
2024-08-12 17:47:15,0.4037,53.40499999999998
2024-08-12 17:47:15,0.3904,53.40499999999998
2024-08-12 17:47:16,0.3859,53.47549999999998
2024-08-12 17:47:16,0.3852,53.54949999999998
2024-08-12 17:47:17,0.3912,53.54949999999998
2024-08-12 17:47:17,0.3841,53.628999999999984
2024-08-12 17:47:18,0.3901,53.628999999999984
2024-08-12 17:47:18,0.4011,53.628999999999984
2024-08-12 17:47:19,0.4109,53.574499999999986
2024-08-12 17:47:19,0.4139,53.50499999999999
2024-08-12 17:47:20,0.3967,53.50499999999999
2024-08-12 17:47:20,0.4017,53.50499999999999
2024-08-12 17:47:21,0.3886,53.56199999999999
2024-08-12 17:47:21,0.3941,53.56199999999999
2024-08-12 17:47:22,0.3948,53.56199999999999
2024-08-12 17:47:22,0.4124,53.49999999999999
2024-08-12 17:47:23,0.3953,53.49999999999999
2024-08-12 17:47:23,0.3999,53.49999999999999
2024-08-12 17:47:24,0.3825,53.58749999999999
2024-08-12 17:47:24,0.3887,53.64399999999999
2024-08-12 17:47:25,0.4077,53.64399999999999
2024-08-12 17:47:25,0.3953,53.64399999999999
2024-08-12 17:47:26,0.4055,53.64399999999999
2024-08-12 17:47:27,0.413,53.57899999999999
2024-08-12 17:47:27,0.4121,53.518499999999996
2024-08-12 17:47:28,0.397,53.518499999999996
2024-08-12 17:47:28,0.4051,53.518499999999996
2024-08-12 17:47:29,0.3946,53.518499999999996
2024-08-12 17:47:29,0.3848,53.5945
2024-08-12 17:47:30,0.3881,53.653999999999996
2024-08-12 17:47:30,0.4024,53.653999999999996
2024-08-12 17:47:31,0.3892,53.708
2024-08-12 17:47:31,0.3923,53.708
2024-08-12 17:47:32,0.3971,53.708
2024-08-12 17:47:32,0.4115,53.6505
2024-08-12 17:47:33,0.412,53.5905
2024-08-12 17:47:33,0.4058,53.5905
2024-08-12 17:47:34,0.4123,53.528999999999996
2024-08-12 17:47:34,0.4126,53.465999999999994
2024-08-12 17:47:35,0.3943,53.465999999999994
2024-08-12 17:47:35,0.4032,53.465999999999994
2024-08-12 17:47:36,0.3879,53.52649999999999
2024-08-12 17:47:36,0.3927,53.52649999999999
2024-08-12 17:47:37,0.3834,53.60949999999999
2024-08-12 17:47:37,0.3814,53.70249999999999
2024-08-12 17:47:38,0.397,53.70249999999999
2024-08-12 17:47:38,0.3927,53.70249999999999
2024-08-12 17:47:39,0.4123,53.64099999999999
2024-08-12 17:47:39,0.4029,53.64099999999999
2024-08-12 17:47:40,0.4137,53.57249999999999
2024-08-12 17:47:40,0.4101,53.52199999999999
2024-08-12 17:47:41,0.387,53.58699999999999
2024-08-12 17:47:41,0.3866,53.65399999999999
2024-08-12 17:47:42,0.4057,53.65399999999999
2024-08-12 17:47:42,0.3934,53.65399999999999
2024-08-12 17:47:43,0.4046,53.65399999999999
2024-08-12 17:47:43,0.4086,53.65399999999999
2024-08-12 17:47:44,0.3924,53.65399999999999
2024-08-12 17:47:45,0.3927,53.65399999999999
2024-08-12 17:47:45,0.4121,53.59349999999999
2024-08-12 17:47:46,0.4025,53.59349999999999
2024-08-12 17:47:46,0.412,53.53349999999999
2024-08-12 17:47:47,0.4107,53.47999999999999
2024-08-12 17:47:47,0.3986,53.47999999999999
2024-08-12 17:47:48,0.4048,53.47999999999999
2024-08-12 17:47:48,0.3907,53.47999999999999
2024-08-12 17:47:49,0.3882,53.53899999999999
2024-08-12 17:47:49,0.3837,53.620499999999986
2024-08-12 17:47:50,0.3971,53.620499999999986
2024-08-12 17:47:50,0.3982,53.620499999999986
2024-08-12 17:47:51,0.4054,53.620499999999986
2024-08-12 17:47:51,0.3962,53.620499999999986
2024-08-12 17:47:52,0.397,53.620499999999986
2024-08-12 17:47:52,0.4127,53.55699999999999
2024-08-12 17:47:53,0.4094,53.55699999999999
2024-08-12 17:47:53,0.4081,53.55699999999999
2024-08-12 17:47:54,0.3944,53.55699999999999
2024-08-12 17:47:54,0.4107,53.50349999999999
2024-08-12 17:47:55,0.3885,53.560999999999986
2024-08-12 17:47:55,0.3846,53.637999999999984
2024-08-12 17:47:56,0.3974,53.637999999999984
2024-08-12 17:47:56,0.3968,53.637999999999984
2024-08-12 17:47:57,0.4093,53.637999999999984
2024-08-12 17:47:57,0.3903,53.637999999999984
2024-08-12 17:47:58,0.3957,53.637999999999984
2024-08-12 17:47:58,0.411,53.582999999999984
2024-08-12 17:47:59,0.4118,53.52399999999999
2024-08-12 17:47:59,0.404,53.52399999999999
2024-08-12 17:48:00,0.4118,53.46499999999999
2024-08-12 17:48:00,0.4045,53.46499999999999
2024-08-12 17:48:01,0.3945,53.46499999999999
2024-08-12 17:48:02,0.3855,53.53749999999999
2024-08-12 17:48:02,0.3879,53.597999999999985
2024-08-12 17:48:03,0.4043,53.597999999999985
2024-08-12 17:48:03,0.3927,53.597999999999985
2024-08-12 17:48:04,0.4077,53.597999999999985
2024-08-12 17:48:04,0.3979,53.597999999999985
2024-08-12 17:48:05,0.3899,53.648499999999984
2024-08-12 17:48:05,0.3947,53.648499999999984
2024-08-12 17:48:06,0.401,53.648499999999984
2024-08-12 17:48:06,0.4117,53.58999999999998
2024-08-12 17:48:07,0.4134,53.52299999999998
2024-08-12 17:48:07,0.4065,53.52299999999998
2024-08-12 17:48:08,0.4021,53.52299999999998
2024-08-12 17:48:08,0.3867,53.58949999999998
2024-08-12 17:48:09,0.4029,53.58949999999998
2024-08-12 17:48:09,0.3944,53.58949999999998
2024-08-12 17:48:10,0.4104,53.53749999999998
2024-08-12 17:48:10,0.4036,53.53749999999998
2024-08-12 17:48:11,0.4003,53.53749999999998
2024-08-12 17:48:11,0.3915,53.53749999999998
2024-08-12 17:48:12,0.4115,53.47999999999998
2024-08-12 17:48:12,0.4068,53.47999999999998
2024-08-12 17:48:13,0.4109,53.425499999999985
2024-08-12 17:48:13,0.4036,53.425499999999985
2024-08-12 17:48:14,0.3897,53.47699999999998
2024-08-12 17:48:14,0.3977,53.47699999999998
2024-08-12 17:48:15,0.3854,53.54999999999998
2024-08-12 17:48:15,0.3957,53.54999999999998
2024-08-12 17:48:16,0.4016,53.54999999999998
2024-08-12 17:48:16,0.4104,53.49799999999998
2024-08-12 17:48:17,0.4084,53.49799999999998
2024-08-12 17:48:17,0.3908,53.49799999999998
2024-08-12 17:48:18,0.3822,53.58699999999998
2024-08-12 17:48:18,0.3985,53.58699999999998
2024-08-12 17:48:19,0.3968,53.58699999999998
2024-08-12 17:48:20,0.4142,53.515999999999984
2024-08-12 17:48:20,0.4066,53.515999999999984
2024-08-12 17:48:21,0.4028,53.515999999999984
2024-08-12 17:48:21,0.3889,53.571499999999986
2024-08-12 17:48:22,0.4026,53.571499999999986
2024-08-12 17:48:22,0.3927,53.571499999999986
2024-08-12 17:48:23,0.4104,53.51949999999999
2024-08-12 17:48:23,0.4028,53.51949999999999
2024-08-12 17:48:24,0.3958,53.51949999999999
2024-08-12 17:48:24,0.3824,53.60749999999999
2024-08-12 17:48:25,0.3987,53.60749999999999
2024-08-12 17:48:25,0.3935,53.60749999999999
2024-08-12 17:48:26,0.4127,53.54399999999999
2024-08-12 17:48:26,0.4067,53.54399999999999
2024-08-12 17:48:27,0.4114,53.48699999999999
2024-08-12 17:48:27,0.4134,53.41999999999999
2024-08-12 17:48:28,0.405,53.41999999999999
2024-08-12 17:48:28,0.4027,53.41999999999999
2024-08-12 17:48:29,0.3869,53.48549999999999
2024-08-12 17:48:29,0.3931,53.48549999999999
2024-08-12 17:48:30,0.3838,53.56649999999999
2024-08-12 17:48:30,0.3897,53.61799999999999
2024-08-12 17:48:31,0.3957,53.61799999999999
2024-08-12 17:48:31,0.3923,53.61799999999999
2024-08-12 17:48:32,0.4116,53.55999999999999
2024-08-12 17:48:32,0.405,53.55999999999999
2024-08-12 17:48:33,0.4118,53.50099999999999
2024-08-12 17:48:33,0.4046,53.50099999999999
2024-08-12 17:48:34,0.3918,53.50099999999999
2024-08-12 17:48:34,0.387,53.56599999999999
2024-08-12 17:48:35,0.3862,53.63499999999999
2024-08-12 17:48:35,0.4011,53.63499999999999
2024-08-12 17:48:36,0.393,53.63499999999999
2024-08-12 17:48:37,0.41,53.63499999999999
2024-08-12 17:48:37,0.3979,53.63499999999999
2024-08-12 17:48:38,0.39,53.68499999999999
2024-08-12 17:48:38,0.3946,53.68499999999999
2024-08-12 17:48:39,0.4053,53.68499999999999
2024-08-12 17:48:39,0.4088,53.68499999999999
2024-08-12 17:48:40,0.3936,53.68499999999999
2024-08-12 17:48:40,0.4131,53.61949999999999
2024-08-12 17:48:41,0.41,53.61949999999999
2024-08-12 17:48:41,0.4067,53.61949999999999
2024-08-12 17:48:42,0.3934,53.61949999999999
2024-08-12 17:48:42,0.4115,53.56199999999999
2024-08-12 17:48:43,0.4044,53.56199999999999
2024-08-12 17:48:43,0.3917,53.56199999999999
2024-08-12 17:48:44,0.405,53.56199999999999
2024-08-12 17:48:44,0.3961,53.56199999999999
2024-08-12 17:48:45,0.3973,53.56199999999999
2024-08-12 17:48:45,0.4128,53.49799999999999
2024-08-12 17:48:46,0.4112,53.44199999999999
2024-08-12 17:48:46,0.3947,53.44199999999999
2024-08-12 17:48:47,0.4009,53.44199999999999
2024-08-12 17:48:47,0.3855,53.51449999999999
2024-08-12 17:48:48,0.3881,53.57399999999999
2024-08-12 17:48:48,0.4027,53.57399999999999
2024-08-12 17:48:49,0.3944,53.57399999999999
2024-08-12 17:48:49,0.4112,53.517999999999994
2024-08-12 17:48:50,0.4051,53.517999999999994
2024-08-12 17:48:50,0.3909,53.517999999999994
2024-08-12 17:48:51,0.381,53.61299999999999
2024-08-12 17:48:51,0.3962,53.61299999999999
2024-08-12 17:48:52,0.4003,53.61299999999999
2024-08-12 17:48:52,0.4115,53.555499999999995
2024-08-12 17:48:53,0.4136,53.4875
2024-08-12 17:48:54,0.3998,53.4875
2024-08-12 17:48:54,0.4017,53.4875
2024-08-12 17:48:55,0.3874,53.5505
2024-08-12 17:48:55,0.3942,53.5505
2024-08-12 17:48:56,0.3837,53.632
2024-08-12 17:48:56,0.3951,53.632
2024-08-12 17:48:57,0.3952,53.632
2024-08-12 17:48:57,0.3863,53.7005
2024-08-12 17:48:58,0.3944,53.7005
2024-08-12 17:48:58,0.3944,53.7005
2024-08-12 17:48:59,0.4125,53.638
2024-08-12 17:48:59,0.4061,53.638
2024-08-12 17:49:00,0.4127,53.5745
2024-08-12 17:49:00,0.412,53.5145
2024-08-12 17:49:01,0.4009,53.5145
2024-08-12 17:49:01,0.4033,53.5145
2024-08-12 17:49:02,0.3893,53.568
2024-08-12 17:49:02,0.4046,53.568
2024-08-12 17:49:03,0.3918,53.568
2024-08-12 17:49:03,0.4025,53.568
2024-08-12 17:49:04,0.404,53.568
2024-08-12 17:49:04,0.3928,53.568
2024-08-12 17:49:05,0.3974,53.568
2024-08-12 17:49:05,0.4119,53.5085
2024-08-12 17:49:06,0.4088,53.5085
2024-08-12 17:49:06,0.4002,53.5085
2024-08-12 17:49:07,0.3879,53.568999999999996
2024-08-12 17:49:07,0.403,53.568999999999996
2024-08-12 17:49:08,0.3935,53.568999999999996
2024-08-12 17:49:08,0.408,53.568999999999996
2024-08-12 17:49:09,0.4065,53.568999999999996
2024-08-12 17:49:09,0.3939,53.568999999999996
2024-08-12 17:49:10,0.3966,53.568999999999996
2024-08-12 17:49:11,0.4068,53.568999999999996
2024-08-12 17:49:11,0.3956,53.568999999999996
2024-08-12 17:49:12,0.3937,53.568999999999996
2024-08-12 17:49:12,0.4127,53.5055
2024-08-12 17:49:13,0.4034,53.5055
2024-08-12 17:49:13,0.4024,53.5055
2024-08-12 17:49:14,0.3891,53.559999999999995
2024-08-12 17:49:14,0.4091,53.559999999999995
2024-08-12 17:49:15,0.3943,53.559999999999995
2024-08-12 17:49:15,0.4041,53.559999999999995
2024-08-12 17:49:16,0.4095,53.559999999999995
2024-08-12 17:49:16,0.3955,53.559999999999995
2024-08-12 17:49:17,0.3911,53.559999999999995
2024-08-12 17:49:17,0.4078,53.559999999999995
2024-08-12 17:49:18,0.3995,53.559999999999995
2024-08-12 17:49:18,0.3919,53.559999999999995
2024-08-12 17:49:19,0.41,53.559999999999995
2024-08-12 17:49:19,0.4079,53.559999999999995
2024-08-12 17:49:20,0.3955,53.559999999999995
2024-08-12 17:49:20,0.4014,53.559999999999995
2024-08-12 17:49:21,0.4107,53.506499999999996
2024-08-12 17:49:21,0.402,53.506499999999996
2024-08-12 17:49:22,0.3944,53.506499999999996
2024-08-12 17:49:22,0.383,53.591499999999996
2024-08-12 17:49:23,0.3871,53.656
2024-08-12 17:49:23,0.3912,53.656
2024-08-12 17:49:24,0.3917,53.656
2024-08-12 17:49:24,0.3984,53.656
2024-08-12 17:49:25,0.4098,53.656
2024-08-12 17:49:25,0.399,53.656
2024-08-12 17:49:26,0.3949,53.656
2024-08-12 17:49:27,0.4127,53.5925
2024-08-12 17:49:27,0.4028,53.5925
2024-08-12 17:49:28,0.4117,53.534
2024-08-12 17:49:28,0.4074,53.534
2024-08-12 17:49:29,0.4076,53.534
2024-08-12 17:49:29,0.3931,53.534
2024-08-12 17:49:30,0.398,53.534
2024-08-12 17:49:30,0.4048,53.534
2024-08-12 17:49:31,0.3972,53.534
2024-08-12 17:49:31,0.3917,53.534
2024-08-12 17:49:32,0.4091,53.534
2024-08-12 17:49:32,0.4082,53.534
2024-08-12 17:49:33,0.3944,53.534
2024-08-12 17:49:33,0.4028,53.534
2024-08-12 17:49:34,0.4121,53.4735
2024-08-12 17:49:34,0.4013,53.4735
2024-08-12 17:49:35,0.3969,53.4735
2024-08-12 17:49:35,0.3831,53.558
2024-08-12 17:49:36,0.387,53.623
2024-08-12 17:49:36,0.4007,53.623
2024-08-12 17:49:37,0.3877,53.6845
2024-08-12 17:49:37,0.399,53.6845
2024-08-12 17:49:38,0.3911,53.6845
2024-08-12 17:49:38,0.4086,53.6845
2024-08-12 17:49:39,0.4099,53.6845
2024-08-12 17:49:39,0.3965,53.6845
2024-08-12 17:49:40,0.3952,53.6845
2024-08-12 17:49:40,0.4123,53.623
2024-08-12 17:49:41,0.4006,53.623
2024-08-12 17:49:41,0.4122,53.562
2024-08-12 17:49:42,0.4065,53.562
2024-08-12 17:49:42,0.4085,53.562
2024-08-12 17:49:43,0.3933,53.562
2024-08-12 17:49:44,0.3903,53.562
2024-08-12 17:49:44,0.4094,53.562
2024-08-12 17:49:45,0.3982,53.562
2024-08-12 17:49:45,0.3958,53.562
2024-08-12 17:49:46,0.4104,53.51
2024-08-12 17:49:46,0.4014,53.51
2024-08-12 17:49:47,0.3975,53.51
2024-08-12 17:49:47,0.3854,53.583
2024-08-12 17:49:48,0.389,53.638
2024-08-12 17:49:48,0.4056,53.638
2024-08-12 17:49:49,0.392,53.638
2024-08-12 17:49:49,0.406,53.638
2024-08-12 17:49:50,0.403,53.638
2024-08-12 17:49:50,0.3865,53.7055
2024-08-12 17:49:51,0.3941,53.7055
2024-08-12 17:49:51,0.394,53.7055
2024-08-12 17:49:52,0.4116,53.6475
2024-08-12 17:49:52,0.4066,53.6475
2024-08-12 17:49:53,0.4081,53.6475
2024-08-12 17:49:53,0.394,53.6475
2024-08-12 17:49:54,0.4048,53.6475
2024-08-12 17:49:54,0.4087,53.6475
2024-08-12 17:49:55,0.3933,53.6475
2024-08-12 17:49:55,0.4041,53.6475
2024-08-12 17:49:56,0.4068,53.6475
2024-08-12 17:49:56,0.3883,53.706
2024-08-12 17:49:57,0.3957,53.706
2024-08-12 17:49:57,0.3907,53.706
